district,district_code,level,tru,entity_name,entity_code,No_HH,TOT_P,TOT_M,TOT_F,P_06,P_SC,P_ST,P_LIT,TOT_WORK_P,MAINWORK_P,MARGWORK_P,NON_WORK_P
Nandurbar,01,TOWN,Urban,Khapar (Ct),525192,1459,7235,3697,3538,825,372,2429,5343,2767,2551,216,4468
Nandurbar,01,TOWN,Urban,Akkalkuwa (Ct),525193,1929,17840,13273,4567,1289,392,879,15722,2726,2620,106,15114
Nandurbar,01,TOWN,Urban,Makranifali (Ct),525194,979,4812,2412,2400,824,83,468,3315,1260,1137,123,3552
Nandurbar,01,TOWN,Urban,Vadfalya (Ct),525357,1109,6093,3212,2881,803,886,2876,4205,1977,1195,782,4116
Nandurbar,01,TOWN,Urban,Talode (M Cl),802640,5028,26363,13303,13060,3115,1128,8256,18554,10290,8518,1772,16073
Nandurbar,01,TOWN,Urban,Shahade (M Cl),802641,11633,61376,31414,29962,7948,3986,7772,46277,21385,18847,2538,39991
Nandurbar,01,TOWN,Urban,Nandurbar (M Cl),802642,20904,111037,57412,53625,13151,8281,13657,86231,35223,31224,3999,75814
Nandurbar,01,TOWN,Urban,Nawapur (M Cl),802643,6415,34207,17487,16720,3963,1802,8830,26035,12586,10984,1602,21621
Nandurbar,01,TOWN,Urban,Khandbara (Ct),525949,1282,6511,3289,3222,788,505,2464,4567,2287,2131,156,4224
Dhule,02,TOWN,Urban,Shirpur-Warwade (M Cl),802644,15187,76905,40235,36670,8977,5615,7280,57600,24551,22265,2286,52354
Dhule,02,TOWN,Urban,Dondaicha-Warwade(M Cl),802645,9479,46767,24011,22756,5435,2724,7373,33837,15290,13018,2272,31477
Dhule,02,TOWN,Urban,Nijampur (Ct),526463,1529,7696,3963,3733,1025,262,1185,5561,3028,2886,142,4668
Dhule,02,TOWN,Urban,Sakri (Ct),526464,4638,21764,11202,10562,2667,1577,3161,15507,8306,7784,522,13458
Dhule,02,TOWN,Urban,Dhule (M Corp.),802646,72076,375559,193446,182113,44836,29245,15237,290569,113925,105372,8553,261634
Dhule,02,TOWN,Urban,Walwadi (Ct),526630,6492,29636,15516,14120,2884,4233,3365,23881,8927,7706,1221,20709
Dhule,02,TOWN,Urban,Mahindale (Ct),526631,1717,7977,4196,3781,977,1139,1367,6175,2583,2218,365,5394
Dhule,02,TOWN,Urban,Awadhan (Ct),526632,1039,4732,2546,2186,670,477,523,3346,1674,1549,125,3058
Jalgaon,03,TOWN,Urban,Chopda (M Cl),802647,13815,72783,37601,35182,8951,5439,5848,53364,23734,19516,4218,49049
Jalgaon,03,TOWN,Urban,Yawal (M Cl),802648,7363,36706,18965,17741,4755,2775,2460,25297,12593,10702,1891,24113
Jalgaon,03,TOWN,Urban,Faizpur (M Cl),802649,5546,26602,13673,12929,3417,1703,2105,19929,8225,7107,1118,18377
Jalgaon,03,TOWN,Urban,Savda (M Cl),802650,4337,20584,10637,9947,2604,1973,1009,14949,6727,6426,301,13857
Jalgaon,03,TOWN,Urban,Raver (M Cl),802651,4926,27039,13843,13196,3666,2048,314,18747,8465,7764,701,18574
Jalgaon,03,TOWN,Urban,Bhusawal (M Cl),802652,38668,187421,96147,91274,19800,28542,6125,148137,54115,47281,6834,133306
Jalgaon,03,TOWN,Urban,Nimbhore Budruk (Ct),527148,1713,7501,4006,3495,734,669,943,5920,2352,2256,96,5149
Jalgaon,03,TOWN,Urban,Kandari (Ct),527149,3545,16353,8570,7783,1845,3872,1424,12968,5498,4622,876,10855
Jalgaon,03,TOWN,Urban,Varangaon (Ct),527150,7783,35411,18385,17026,4178,5625,1040,26987,11541,9491,2050,23870
Jalgaon,03,TOWN,Urban,Jalgaon (M Corp.),802653,99361,460228,240590,219638,53086,33244,24316,355368,148035,136836,11199,312193
Jalgaon,03,TOWN,Urban,Erandol (M Cl),802654,6235,31071,16000,15071,3916,1745,1763,20819,11705,10426,1279,19366
Jalgaon,03,TOWN,Urban,Dharangaon (M Cl),802655,6753,35375,18211,17164,4412,1976,1745,24893,13050,11569,1481,22325
Jalgaon,03,TOWN,Urban,Amalner (M Cl),802656,19742,95994,49564,46430,10178,7245,6136,73114,32819,26940,5879,63175
Jalgaon,03,TOWN,Urban,Parola (M Cl),802657,7325,37666,19552,18114,4419,2192,811,28173,12946,11226,1720,24720
Jalgaon,03,TOWN,Urban,Bhadgaon (M Cl),802658,7736,37214,19334,17880,4668,1940,3249,26132,14276,11475,2801,22938
Jalgaon,03,TOWN,Urban,Chalisgaon(M Cl),802659,19940,97551,50737,46814,11087,10171,3468,74252,31337,27123,4214,66214
Jalgaon,03,TOWN,Urban,Takali Pr. Chalisgaon (Ct),527863,2296,10630,5688,4942,1213,714,676,8417,3619,3355,264,7011
Jalgaon,03,TOWN,Urban,Pachora (M Cl),802660,12325,59609,30958,28651,7269,5919,2022,42995,19836,16393,3443,39773
Jalgaon,03,TOWN,Urban,Pachora (Rural) (Ct),527991,50,211,120,91,40,2,125,81,123,49,74,88
Jalgaon,03,TOWN,Urban,Jamner (M Cl),802661,9614,46762,24270,22492,6091,3761,1717,33778,14884,13588,1296,31878
Buldana,04,TOWN,Urban,Jalgaon (Jamod) (M Cl),802662,5395,28276,14550,13726,3633,2537,545,21408,9777,8971,806,18499
Buldana,04,TOWN,Urban,Shegaon (M Cl),802663,12031,59672,30547,29125,7252,9015,1318,47020,20998,19073,1925,38674
Buldana,04,TOWN,Urban,Nandura (M Cl + Og),802664,8775,44419,22848,21571,5604,4768,700,35039,14399,12809,1590,30020
Buldana,04,TOWN,Urban,Nandura (M Cl),802664,8261,42167,21668,20499,5364,4519,618,33136,13705,12228,1477,28462
Buldana,04,TOWN,Urban,Malkapur (M Cl),802665,12879,67740,34693,33047,8984,4551,504,51668,21268,17411,3857,46472
Buldana,04,TOWN,Urban,Khamgaon (M Cl),802666,19185,94191,48368,45823,10597,11149,1281,76870,29659,26806,2853,64532
Buldana,04,TOWN,Urban,Mehkar (M Cl),802667,9068,45248,23274,21974,5935,8202,499,33980,15653,14252,1401,29595
Buldana,04,TOWN,Urban,Chikhli (M Cl),802668,11864,57889,29977,27912,6785,9515,515,45627,18813,16941,1872,39076
Buldana,04,TOWN,Urban,Buldana (M Cl),802669,14098,67431,34502,32929,7730,12342,1568,53971,20729,18884,1845,46702
Buldana,04,TOWN,Urban,Sundarkhed (Ct),529327,2938,13317,6938,6379,1285,5135,353,10896,3921,3602,319,9396
Buldana,04,TOWN,Urban,Deulgaon Raja (M Cl),802670,5972,30827,15954,14873,3997,3460,196,23538,10086,9548,538,20741
Buldana,04,TOWN,Urban,Sindkhed Raja (M Cl),802671,3377,16434,8553,7881,2145,2482,192,11721,7226,6784,442,9208
Buldana,04,TOWN,Urban,Lonar (M Cl),802672,4638,23416,12114,11302,3208,2602,990,17378,8515,7324,1191,14901
Akola,05,TOWN,Urban,Telhara (M Cl),802673,4518,20986,10759,10227,2352,3725,641,16805,8034,7668,366,12952
Akola,05,TOWN,Urban,Akot (M Cl),802674,18441,92637,47733,44904,11055,10461,1328,72182,30838,28104,2734,61799
Akola,05,TOWN,Urban,Balapur (M Cl),802675,7761,44594,22909,21685,6152,3139,528,34309,14470,12967,1503,30124
Akola,05,TOWN,Urban,Akola (M Corp.),802676,86016,425817,217393,208424,47319,66078,8715,347893,139283,132005,7278,286534
Akola,05,TOWN,Urban,Umari Pr. Akola (Ct),530164,1472,6756,3527,3229,770,3008,301,5430,2575,2185,390,4181
Akola,05,TOWN,Urban,Umri Pragane Balapur (Ct),530165,4702,20262,10469,9793,2044,3100,480,17044,7156,6330,826,13106
Akola,05,TOWN,Urban,Shivar (Ct),530166,1382,6047,3161,2886,692,523,188,4995,2409,2274,135,3638
Akola,05,TOWN,Urban,Shivani (Ct),530167,2907,13699,7022,6677,1869,4940,210,10399,4577,4193,384,9122
Akola,05,TOWN,Urban,Malkapur (Ct),530168,3476,15420,7955,7465,1516,3754,433,12796,5307,4893,414,10113
Akola,05,TOWN,Urban,Khadki Bk (Ct),530169,2712,12133,6284,5849,1241,2827,550,10208,3976,3654,322,8157
Akola,05,TOWN,Urban,Murtijapur (M Cl),802677,8230,40295,20309,19986,4348,6448,950,33088,13446,12109,1337,26849
Akola,05,TOWN,Urban,Patur (M Cl),802678,3913,21095,10880,10215,2535,2481,295,16777,6729,5126,1603,14366
Washim,06,TOWN,Urban,Mangrulpir (M Cl),802679,5830,30983,15963,15020,3839,3312,552,24336,10358,8143,2215,20625
Washim,06,TOWN,Urban,Karanja (M Cl),802680,13095,67907,34703,33204,8395,6317,894,52791,21906,20451,1455,46001
Washim,06,TOWN,Urban,Washim (M Cl),802681,15393,78387,40262,38125,9802,14837,1129,61105,25088,23050,2038,53299
Washim,06,TOWN,Urban,Risod (M Cl),802682,6743,34136,17647,16489,4571,4809,492,24929,11868,10522,1346,22268
Amravati,07,TOWN,Urban,Dharni (Ct),531532,3234,15761,8075,7686,2066,1537,3493,11747,4873,3504,1369,10888
Amravati,07,TOWN,Urban,Chikhaldara (M Cl),802683,948,5158,2789,2369,503,882,1844,4277,1329,910,419,3829
Amravati,07,TOWN,Urban,Anjangaon (M Cl),802684,11168,56380,29017,27363,6526,5555,328,44333,19185,16409,2776,37195
Amravati,07,TOWN,Urban,Achalpur (M Cl),802685,21756,112311,58108,54203,12236,13773,4069,91547,37701,32741,4960,74610
Amravati,07,TOWN,Urban,Chandurbazar (M Cl),802686,3598,18759,9529,9230,2006,2902,318,15304,6168,5023,1145,12591
Amravati,07,TOWN,Urban,Morshi (M Cl),802687,8268,37333,19031,18302,3806,3609,1957,30375,13286,11336,1950,24047
Amravati,07,TOWN,Urban,Warud (M Cl),802688,9957,45482,23182,22300,4413,4952,3409,37422,16970,15137,1833,28512
Amravati,07,TOWN,Urban,Shendurjana (M Cl),802689,4703,21748,11227,10521,2239,2738,1210,17420,9426,8981,445,12322
Amravati,07,TOWN,Urban,Amravati (M Corp.),802690,136796,647057,329992,317065,65355,111435,15955,535594,208536,189628,18908,438521
Amravati,07,TOWN,Urban,Daryapur Banosa (M Cl),802691,7625,36463,18590,17873,3769,7086,1272,29339,12456,10685,1771,24007
Amravati,07,TOWN,Urban,Chandur Railway (M Cl),802692,4337,19776,9982,9794,2011,2788,734,16187,7117,6303,814,12659
Amravati,07,TOWN,Urban,Dattapur Dhamangaon (M Cl),802693,4779,21059,10613,10446,1909,3061,909,17635,7174,6404,770,13885
Wardha,08,TOWN,Urban,Arvi (M Cl),802694,9550,42822,21958,20864,4132,5836,2123,35039,15827,13893,1934,26995
Wardha,08,TOWN,Urban,Sindi (M Cl),802695,2938,12858,6598,6260,1312,1546,970,10208,5350,4542,808,7508
Wardha,08,TOWN,Urban,Wardha (M Cl),802696,24186,106444,53697,52747,10068,16386,5830,90371,35304,31804,3500,71140
Wardha,08,TOWN,Urban,Pipri (Ct),534191,5666,23661,12205,11456,2191,2176,1768,20137,7976,7193,783,15685
Wardha,08,TOWN,Urban,Sindi Turf Hindnagar (Ct),534192,4974,20956,10823,10133,1737,6168,985,18077,7277,6312,965,13679
Wardha,08,TOWN,Urban,Warud (Ct),534193,1512,6386,3250,3136,586,1439,308,5450,2490,2218,272,3896
Wardha,08,TOWN,Urban,Masala (Ct),534194,2136,8883,4535,4348,832,2247,625,7522,3137,2745,392,5746
Wardha,08,TOWN,Urban,Nalwadi (Ct),534195,3020,12119,6109,6010,1074,2413,1241,10396,4320,4133,187,7799
Wardha,08,TOWN,Urban,Borgaon (Meghe) (Ct),534196,4738,19759,10236,9523,2266,3122,985,16187,7271,6033,1238,12488
Wardha,08,TOWN,Urban,Sawangi (Meghe) (Ct),534197,3042,14394,6954,7440,1282,5721,620,12133,4674,4302,372,9720
Wardha,08,TOWN,Urban,Pulgaon (M Cl),802697,7655,33925,17573,16352,3175,9622,1608,28051,11482,10337,1145,22443
Wardha,08,TOWN,Urban,Deoli (M Cl),802698,4527,19288,9996,9292,2003,2663,1324,15217,8265,7394,871,11023
Wardha,08,TOWN,Urban,Hinganghat (M Cl),802699,23409,101805,52577,49228,10019,14602,6030,85588,34084,28913,5171,67721
Nagpur,09,TOWN,Urban,Mowad (M Cl),802700,2021,8777,4444,4333,923,620,1031,6928,3744,3458,286,5033
Nagpur,09,TOWN,Urban,Narkhed (M Cl),802701,4739,21127,10807,10320,2029,3210,1627,16792,8572,7280,1292,12555
Nagpur,09,TOWN,Urban,Katol (M Cl),802702,9866,43267,22064,21203,4174,6086,3425,35231,14919,14012,907,28348
Nagpur,09,TOWN,Urban,Kalameshwar (M Cl),802703,4536,19578,10047,9531,1975,2016,848,16154,7109,6485,624,12469
Nagpur,09,TOWN,Urban,Mohpa (M Cl),802704,1637,6987,3520,3467,615,744,142,5625,2769,2365,404,4218
Nagpur,09,TOWN,Urban,Bamhni (Ct),535202,2450,10341,5407,4934,1171,1241,594,8276,3855,3559,296,6486
Nagpur,09,TOWN,Urban,Savner (M Cl),802705,7423,32498,16570,15928,3343,4342,1555,26102,11326,10243,1083,21172
Nagpur,09,TOWN,Urban,Khapa (M Cl),802706,3202,14659,7449,7210,1551,1762,3158,11133,5826,4741,1085,8833
Nagpur,09,TOWN,Urban,Waghoda (Ct),535332,1639,7628,4009,3619,596,1859,575,6219,2216,1974,242,5412
Nagpur,09,TOWN,Urban,Walani (Ct),535333,1762,9393,4939,4454,1039,2419,422,7269,2840,2590,250,6553
Nagpur,09,TOWN,Urban,Sillewada (Ct),535334,1457,7290,3867,3423,783,1828,392,5473,2420,2011,409,4870
Nagpur,09,TOWN,Urban,Chandkapur (Ct),535335,2447,12077,6389,5688,1326,3966,851,9652,3638,3152,486,8439
Nagpur,09,TOWN,Urban,Chicholi (Ct),535336,4122,18469,9499,8970,1786,6698,1391,15038,6356,5536,820,12113
Nagpur,09,TOWN,Urban,Tekadi (Ct),535451,2498,13741,7077,6664,1536,1859,862,10239,4075,3182,893,9666
Nagpur,09,TOWN,Urban,Kanhan (Pipri) (Ct),535452,4778,22945,11669,11276,2568,7765,901,17144,7853,6586,1267,15092
Nagpur,09,TOWN,Urban,Kandri (Ct),535453,2115,10624,5529,5095,1192,2326,552,8107,3645,2964,681,6979
Nagpur,09,TOWN,Urban,Ramtek (M Cl),802707,4929,22310,11321,10989,2193,3040,1387,18010,8433,7196,1237,13877
Nagpur,09,TOWN,Urban,Kandri (Ct),535610,1152,5099,2516,2583,486,817,2313,3678,2082,1150,932,3017
Nagpur,09,TOWN,Urban,Mouda (Ct),535734,3476,14606,7564,7042,1719,1627,1633,11643,5225,4678,547,9381
Nagpur,09,TOWN,Urban,Kamptee (M Cl),802708,16541,86793,43470,43323,9815,24352,1961,68947,28736,24764,3972,58057
Nagpur,09,TOWN,Urban,Kamptee (Cb),802709,2276,12457,8039,4418,1259,1588,170,10579,6272,5852,420,6185
Nagpur,09,TOWN,Urban,Mahadula (Ct),535809,5026,21481,11145,10336,2264,7143,985,16718,7976,6886,1090,13505
Nagpur,09,TOWN,Urban,Koradi (Ct),535810,1419,6321,3265,3056,662,1049,197,5097,2086,1799,287,4235
Nagpur,09,TOWN,Urban,Yerkheda (Ct),535811,3285,15727,8002,7725,1656,3903,696,13001,5357,4778,579,10370
Nagpur,09,TOWN,Urban,Bhokara (Ct),535965,1977,8602,4556,4046,908,1652,561,7010,2974,2677,297,5628
Nagpur,09,TOWN,Urban,Narsala (Ct),535966,3982,17330,8854,8476,1828,2581,1085,14105,5983,4581,1402,11347
Nagpur,09,TOWN,Urban,Hudkeshwar Bk. (Ct),535967,5602,24499,12543,11956,2247,2753,2078,20903,8092,7288,804,16407
Nagpur,09,TOWN,Urban,Borkhedi (Ct),535968,3519,13294,7008,6286,2088,2279,1093,10253,5131,4738,393,8163
Nagpur,09,TOWN,Urban,Bori (Ct),535969,2896,12072,6307,5765,1656,1860,1004,9504,4454,3525,929,7618
Nagpur,09,TOWN,Urban,Wadi (Ct),535970,12842,54048,28143,25905,6398,14658,2232,44188,18728,16574,2154,35320
Nagpur,09,TOWN,Urban,Davlameti (Ct),535971,3404,14545,7529,7016,1572,6201,553,11901,5109,4633,476,9436
Nagpur,09,TOWN,Urban,Sonegaon (Nipani) (Ct),535972,2293,9387,4937,4450,1000,2100,566,7596,3535,2761,774,5852
Nagpur,09,TOWN,Urban,Nagpur (M Corp.),802710,527634,2405665,1225405,1180260,247078,475425,185281,1984123,843771,779259,64512,1561894
Nagpur,09,TOWN,Urban,Nildoh (Ct),536123,5483,20888,11566,9322,2534,4972,1297,16417,8634,8092,542,12254
Nagpur,09,TOWN,Urban,Digdoh (Ct),536124,9640,38157,20590,17567,4646,7479,2434,30881,13595,13036,559,24562
Nagpur,09,TOWN,Urban,Wanadongri (Ct),536125,9169,37667,20171,17496,4863,5423,1897,29296,13099,12259,840,24568
Nagpur,09,TOWN,Urban,Waddhamana (Ct),536126,1348,6148,3133,3015,775,771,526,4674,2347,2166,181,3801
Nagpur,09,TOWN,Urban,Nagalwadi (Ct),536127,643,2562,1345,1217,305,669,120,2078,952,910,42,1610
Nagpur,09,TOWN,Urban,Isasani (Ct),536128,1095,4366,2257,2109,629,2028,655,3253,1795,1408,387,2571
Nagpur,09,TOWN,Urban,Takalghat (Ct),536129,2947,11363,6210,5153,1398,2506,644,8913,5089,4064,1025,6274
Nagpur,09,TOWN,Urban,Umred (M Cl),802711,12277,53971,27456,26515,5538,8034,7723,42679,19943,17236,2707,34028
Bhandara,10,TOWN,Urban,Tumsar (M Cl),802712,10057,44869,22568,22301,4226,7064,1023,37183,15054,12741,2313,29815
Bhandara,10,TOWN,Urban,Chikhala (Ct),536793,1004,4352,2147,2205,436,757,776,3120,1707,1232,475,2645
Bhandara,10,TOWN,Urban,Warthi (Ct),536901,3065,13058,6629,6429,1443,3665,265,10541,4424,3486,938,8634
Bhandara,10,TOWN,Urban,Bhandara (M Cl),802713,20429,91845,46409,45436,8783,15072,4707,76378,30067,26278,3789,61778
Bhandara,10,TOWN,Urban,Thana (Ct),537068,1481,6339,3256,3083,692,2079,164,5206,2094,1544,550,4245
Bhandara,10,TOWN,Urban,Shahapur (Ct),537069,1039,4459,2237,2222,432,1484,38,3606,1650,1170,480,2809
Bhandara,10,TOWN,Urban,Bela (Ct),537070,1344,5914,2892,3022,652,1332,93,4489,2491,1978,513,3423
Bhandara,10,TOWN,Urban,Ganeshpur (Ct),537071,2142,9192,4688,4504,950,1642,268,7633,3099,2730,369,6093
Bhandara,10,TOWN,Urban,Sawari Jawharnagar (Ct),537072,2138,8770,4442,4328,847,3276,461,7186,2985,2302,683,5785
Bhandara,10,TOWN,Urban,Sakoli (Ct),537168,3397,14636,7392,7244,1340,3901,908,12088,5864,3919,1945,8772
Bhandara,10,TOWN,Urban,Murmadi (Ct),537272,1834,7576,3862,3714,678,1263,333,6427,2555,1910,645,5021
Bhandara,10,TOWN,Urban,Pauni (M Cl),802714,5213,22821,11514,11307,2285,3674,907,17675,9228,6090,3138,13593
Gondiya,11,TOWN,Urban,Tirora (M Cl),802715,5421,25181,12739,12442,2624,4869,1306,20280,8683,6338,2345,16498
Gondiya,11,TOWN,Urban,Gondiya (M Cl),802716,28337,132813,66500,66313,13123,26004,4346,111673,46500,40684,5816,86313
Gondiya,11,TOWN,Urban,Kudwa (Ct),537887,2471,11549,6076,5473,1171,2187,956,9329,4181,3058,1123,7368
Gondiya,11,TOWN,Urban,Katangi Kala (Ct),537888,1401,6440,3232,3208,714,909,520,4997,2834,2285,549,3606
Gondiya,11,TOWN,Urban,Fulchur (Ct),537889,1167,5480,2756,2724,617,394,268,4291,2031,1698,333,3449
Gondiya,11,TOWN,Urban,Khamari (Ct),537890,1515,6794,3387,3407,705,564,411,5036,3117,2098,1019,3677
Gondiya,11,TOWN,Urban,Amgaon Bk. (Ct),537972,2316,10972,5448,5524,1105,1120,569,8593,4445,3260,1185,6527
Gondiya,11,TOWN,Urban,Risama (Ct),537973,1489,6925,3485,3440,703,1138,310,5658,2284,1901,383,4641
Gondiya,11,TOWN,Urban,Amgaon Kh. (Ct),538065,1144,5197,2603,2594,574,818,720,4214,1982,1574,408,3215
Gondiya,11,TOWN,Urban,Deori (Ct),538467,3268,14579,7394,7185,1452,2565,2934,11751,5093,3350,1743,9486
Gadchiroli,12,TOWN,Urban,Desaiganj (M Cl),802717,6511,28781,14388,14393,3064,5465,1806,22729,11096,8292,2804,17685
Gadchiroli,12,TOWN,Urban,Kurkheda (Ct),538734,1799,7430,3798,3632,731,1328,1446,6155,3038,2283,755,4392
Gadchiroli,12,TOWN,Urban,Gadchiroli (M Cl),802718,13111,54152,27569,26583,5249,8836,7938,44235,20099,16668,3431,34053
Gadchiroli,12,TOWN,Urban,Ashti (Ct),539421,1404,5634,2886,2748,638,1283,472,4386,2025,1431,594,3609
Gadchiroli,12,TOWN,Urban,Aheri (Ct),539998,3383,14609,7599,7010,1368,1572,4101,11409,5097,3629,1468,9512
Gadchiroli,12,TOWN,Urban,Sironcha Ry. (Ct),540146,1814,7427,3798,3629,701,382,1277,5680,2772,2136,636,4655
Chandrapur,13,TOWN,Urban,Warora (M Cl),802719,10813,46532,23424,23108,4466,5184,5285,37813,15398,12853,2545,31134
Chandrapur,13,TOWN,Urban,Brahmapuri (M Cl),802720,8575,36025,18052,17973,3283,7659,2276,29367,13591,10587,3004,22434
Chandrapur,13,TOWN,Urban,Bhadravati (M Cl),802721,14617,60565,31451,29114,6211,11716,5033,48519,20210,17633,2577,40355
Chandrapur,13,TOWN,Urban,Shivaji Nagar (Ct),541242,2755,13877,7312,6565,1596,4198,1029,10270,3719,3409,310,10158
Chandrapur,13,TOWN,Urban,Chandrapur (M Cl),802722,74276,320379,164085,156294,31345,61164,25794,258463,105327,92286,13041,215052
Chandrapur,13,TOWN,Urban,Kondumal (Ct),541334,2642,10497,5405,5092,715,1916,1363,9321,3173,2994,179,7324
Chandrapur,13,TOWN,Urban,Durgapur (Ct),541335,4178,17693,9069,8624,1532,6019,1128,14149,6054,5258,796,11639
Chandrapur,13,TOWN,Urban,Urjanagar (Ct),541336,1192,4748,2430,2318,530,1750,502,3684,1744,1319,425,3004
Chandrapur,13,TOWN,Urban,Tadali (Ct),541337,1211,4942,2597,2345,442,942,475,4044,1734,1454,280,3208
Chandrapur,13,TOWN,Urban,Padoli (Ct),541338,1275,5275,2777,2498,712,884,554,3761,2228,2133,95,3047
Chandrapur,13,TOWN,Urban,Ghugus (Ct),541339,7438,32654,16980,15674,3381,8741,1645,25285,10497,9318,1179,22157
Chandrapur,13,TOWN,Urban,Nakoda (Ct),541340,1429,5634,2947,2687,607,1743,588,4324,1810,1751,59,3824
Chandrapur,13,TOWN,Urban,Mul (M Cl),802723,6090,25449,12764,12685,2600,4206,2315,18763,9741,7153,2588,15708
Chandrapur,13,TOWN,Urban,Ballarpur (M Cl),802724,19596,89452,45877,43575,9016,26026,6497,70118,28339,24642,3697,61113
Chandrapur,13,TOWN,Urban,Nandgaon Pode (Ct),541549,900,3836,2012,1824,344,810,397,2974,1591,1272,319,2245
Chandrapur,13,TOWN,Urban,Visapur (Ct),541550,2280,9398,4831,4567,951,2100,1457,6939,3849,3197,652,5549
Chandrapur,13,TOWN,Urban,Awalpur (Ct),541661,1221,4882,2506,2376,440,1112,545,3911,2117,1949,168,2765
Chandrapur,13,TOWN,Urban,Nanda (Ct),541662,2238,9378,4901,4477,888,1518,1495,7027,3353,2896,457,6025
Chandrapur,13,TOWN,Urban,Chandur (Ct),541663,6478,26755,13841,12914,3123,4459,2651,20224,9921,7917,2004,16834
Chandrapur,13,TOWN,Urban,Rajura (M Cl),802725,6907,29668,15337,14331,2971,4311,2326,23528,9776,8412,1364,19892
Chandrapur,13,TOWN,Urban,Sasti (Ct),541855,1058,4320,2251,2069,508,1408,370,3104,1720,1503,217,2600
Chandrapur,13,TOWN,Urban,Dhopatala (Ct),541856,1153,4945,2577,2368,294,1654,345,4240,1587,1361,226,3358
Chandrapur,13,TOWN,Urban,Gondpipri (Ct),541954,2136,8474,4302,4172,896,1202,1575,6393,3244,1926,1318,5230
Yavatmal,14,TOWN,Urban,Ner (M Cl),802726,6585,29302,14762,14540,3311,3281,589,23540,10515,8751,1764,18787
Yavatmal,14,TOWN,Urban,Yavatmal (M Cl),802727,26173,116551,58549,58002,11360,19816,6543,96726,39237,36500,2737,77314
Yavatmal,14,TOWN,Urban,Pimpalgaon (Ct),542500,2009,8317,4205,4112,827,1451,552,6916,2962,2383,579,5355
Yavatmal,14,TOWN,Urban,Yavatmal (R) (Ct),542501,3126,14766,7571,7195,1904,384,290,12266,4433,4114,319,10333
Yavatmal,14,TOWN,Urban,Waghapur (Ct),542502,3054,12684,6510,6174,1230,3255,1577,10796,4476,4176,300,8208
Yavatmal,14,TOWN,Urban,Lohara (Ct),542503,5585,22664,11654,11010,2437,4160,3433,18529,8327,7476,851,14337
Yavatmal,14,TOWN,Urban,Umarsara (Ct),542504,5292,21752,11138,10614,1941,3986,2242,18807,7637,6338,1299,14115
Yavatmal,14,TOWN,Urban,Wadgaon Road (Ct),542505,9909,40884,20923,19961,3647,3847,3197,35366,14329,12786,1543,26555
Yavatmal,14,TOWN,Urban,Darwha (M Cl),802728,5038,25791,13341,12450,3024,1895,524,20693,8579,8277,302,17212
Yavatmal,14,TOWN,Urban,Deogiri (Ct),542651,1815,8303,4319,3984,783,1399,716,7009,2562,2466,96,5741
Yavatmal,14,TOWN,Urban,Digras (M Cl),802729,9064,44767,22780,21987,5219,4377,3100,34421,13773,13195,578,30994
Yavatmal,14,TOWN,Urban,Pusad (M Cl),802730,14905,73046,37366,35680,8673,10194,3453,58794,23433,21864,1569,49613
Yavatmal,14,TOWN,Urban,Shrirampur (Ct),542919,2240,9949,5112,4837,1064,966,480,8287,3287,2744,543,6662
Yavatmal,14,TOWN,Urban,Umarkhed (M Cl),802731,9220,47458,24268,23190,6508,5196,1407,36145,14937,13166,1771,32521
Yavatmal,14,TOWN,Urban,Ghatanji (M Cl),802732,4848,21293,11026,10267,2191,2397,2222,17202,8130,7707,423,13163
Yavatmal,14,TOWN,Urban,Pandharkaoda (M Cl),802733,6895,31094,15681,15413,3205,2744,4325,25094,11099,10184,915,19995
Yavatmal,14,TOWN,Urban,Wani (M Cl),802734,13308,58840,29973,28867,6298,6753,4361,48042,20820,18070,2750,38020
Yavatmal,14,TOWN,Urban,Rajur (Ct),544100,2318,10692,5639,5053,1257,2617,1294,7906,4141,3348,793,6551
Nanded,15,TOWN,Urban,Kinwat (M Cl),802735,5871,28454,14481,13973,3614,3590,1844,20356,9560,8343,1217,18894
Nanded,15,TOWN,Urban,Gokunda (Ct),544383,2300,11600,6039,5561,1440,2579,1681,8640,3763,2837,926,7837
Nanded,15,TOWN,Urban,Hadgaon (M Cl),802736,5217,27433,14066,13367,3859,4804,540,18937,9418,8100,1318,18015
Nanded,15,TOWN,Urban,Nanded Waghala (M Corp.),802737,102997,550439,285433,265006,71133,102677,12738,411866,167802,146348,21454,382637
Nanded,15,TOWN,Urban,Wajegaon (Ct),544752,1660,9772,4977,4795,1713,564,68,6202,3058,2460,598,6714
Nanded,15,TOWN,Urban,Dhanegaon (Ct),544753,1864,9809,5049,4760,1348,3591,128,6631,3524,3315,209,6285
Nanded,15,TOWN,Urban,Balirampur (Ct),544754,2193,11939,6177,5762,1721,6846,82,7833,4015,3518,497,7924
Nanded,15,TOWN,Urban,Mudkhed (M Cl),802738,3902,23517,12647,10870,3221,3651,624,15859,9135,8198,937,14382
Nanded,15,TOWN,Urban,Bhokar (M Cl),802739,6250,32899,17104,15795,4343,4862,2210,23070,11173,9402,1771,21726
Nanded,15,TOWN,Urban,Peth Umri (M Cl),802740,2580,13501,6868,6633,1739,3099,833,8983,4482,3842,640,9019
Nanded,15,TOWN,Urban,Dharmabad (M Cl),802741,6596,33741,16919,16822,4170,5571,4587,22290,13771,12589,1182,19970
Nanded,15,TOWN,Urban,Kundalwadi (M Cl),802742,2888,14760,7413,7347,1714,1225,3798,8547,6613,5678,935,8147
Nanded,15,TOWN,Urban,Biloli (M Cl),802743,2707,14923,7569,7354,1936,2863,3299,9875,5143,4299,844,9780
Nanded,15,TOWN,Urban,Loha (M Cl),802744,4426,24125,12334,11791,3258,3878,44,16410,7947,7312,635,16178
Nanded,15,TOWN,Urban,Kandhar (M Cl),802745,4411,24843,13048,11795,3205,5600,82,17092,7058,6513,545,17785
Nanded,15,TOWN,Urban,Mukhed (M Cl),802746,5081,27650,14184,13466,3588,4241,2416,19504,9593,7891,1702,18057
Nanded,15,TOWN,Urban,Deglur (M Cl),802747,10150,54493,27607,26886,6547,7408,5009,38013,17174,15007,2167,37319
Hingoli,16,TOWN,Urban,Hingoli (M Cl),802748,15858,85103,43356,41747,11329,12487,2976,64573,26852,24160,2692,58251
Hingoli,16,TOWN,Urban,Kalamnuri (M Cl),802749,4350,24784,12952,11832,3359,1560,1221,18291,7826,7058,768,16958
Hingoli,16,TOWN,Urban,Basmath (M Cl),802750,12405,68846,35556,33290,9248,6767,1018,49727,21914,19452,2462,46932
Parbhani,17,TOWN,Urban,Sailu (M Cl),802751,8761,46915,24128,22787,6298,4564,1077,31644,15617,14466,1151,31298
Parbhani,17,TOWN,Urban,Jintur (M Cl),802752,7722,44291,22616,21675,6568,3947,798,29523,13188,11010,2178,31103
Parbhani,17,TOWN,Urban,Parbhani (M Cl),802753,56566,307170,156520,150650,41079,37667,3632,217189,92709,81489,11220,214461
Parbhani,17,TOWN,Urban,Manwath (M Cl),802754,6011,32488,16522,15966,4460,2991,534,21881,11275,10117,1158,21213
Parbhani,17,TOWN,Urban,Pathri (M Cl),802755,6661,36853,19025,17828,5564,4436,306,24469,12635,11378,1257,24218
Parbhani,17,TOWN,Urban,Sonpeth (M Cl),802756,3031,15765,8120,7645,2128,1955,101,10208,6295,6004,291,9470
Parbhani,17,TOWN,Urban,Gangakhed (M Cl),802757,9316,49891,25556,24335,6425,7917,934,33236,16439,14410,2029,33452
Parbhani,17,TOWN,Urban,Purna (M Cl),802758,6663,36433,18497,17936,4836,11157,982,26216,10502,9247,1255,25931
Jalna,18,TOWN,Urban,Bhokardan (M Cl),802759,4544,24416,12751,11665,3767,2714,322,16924,7630,6940,690,16786
Jalna,18,TOWN,Urban,Jalna (M Cl),802760,53730,285577,147092,138485,38834,36024,4154,201829,96449,83838,12611,189128
Jalna,18,TOWN,Urban,Ambad (M Cl),802761,6174,31553,15950,15603,4765,3389,557,20754,10069,8561,1508,21484
Jalna,18,TOWN,Urban,Partur (M Cl),802762,6345,35883,18401,17482,5069,3794,1354,24502,11434,9534,1900,24449
Aurangabad,19,TOWN,Urban,Kannad (M Cl),802763,7707,40759,21144,19615,5550,2932,1539,29735,13285,12246,1039,27474
Aurangabad,19,TOWN,Urban,Sillod (M Cl),802764,10973,58230,30074,28156,9250,5498,1548,40811,17421,16642,779,40809
Aurangabad,19,TOWN,Urban,Aurangabad (M Corp.),802765,236659,1175116,609206,565910,158779,229223,15240,889224,377822,342649,35173,797294
Aurangabad,19,TOWN,Urban,Aurangabad (Cb),802766,3263,18051,9639,8412,2318,1468,934,14163,6478,6022,456,11573
Aurangabad,19,TOWN,Urban,Wadgaon Kolhati (Ct),548933,16906,65620,35634,29986,11057,8729,735,50121,22326,21750,576,43294
Aurangabad,19,TOWN,Urban,Satara (Ct),548934,8194,39973,21044,18929,5531,7445,676,30454,12773,11996,777,27200
Aurangabad,19,TOWN,Urban,Pandharpur (Ct),548935,2320,10346,5529,4817,1656,3065,339,6843,3976,3604,372,6370
Aurangabad,19,TOWN,Urban,Khuldabad (M Cl),802767,2861,15749,8112,7637,2447,1203,510,10904,4599,4284,315,11150
Aurangabad,19,TOWN,Urban,Vaijapur (M Cl),802768,8135,41296,21243,20053,5501,6279,1061,30032,14368,13464,904,26928
Aurangabad,19,TOWN,Urban,Gangapur (M Cl),802769,5398,27745,14371,13374,3939,3053,457,19496,9982,9289,693,17763
Aurangabad,19,TOWN,Urban,Anantpur (Ct),549399,1276,6166,3157,3009,894,1581,140,4296,2085,1794,291,4081
Aurangabad,19,TOWN,Urban,Harsul (Ct),549400,967,4979,2504,2475,692,1331,70,3642,1715,1427,288,3264
Aurangabad,19,TOWN,Urban,Ranjangaon (S) (Ct),549401,11023,42877,23019,19858,7799,8532,774,30228,17188,15188,2000,25689
Aurangabad,19,TOWN,Urban,Waluj Bk. (Ct),549402,4387,20220,10592,9628,3315,3956,576,13776,6833,6174,659,13387
Aurangabad,19,TOWN,Urban,Paithan (M Cl),802770,8350,41536,21269,20267,5467,5891,519,29428,15346,13447,1899,26190
Aurangabad,19,TOWN,Urban,Chitegaon (Ct),549592,2546,11507,6107,5400,2100,2523,178,7354,4198,3859,339,7309
Nashik,20,TOWN,Urban,Surgana (Ct),549783,1218,6263,3195,3068,835,255,3275,4687,2307,1750,557,3956
Nashik,20,TOWN,Urban,Satana (M Cl),802771,7800,37701,19449,18252,4257,2293,4528,30008,13091,12062,1029,24610
Nashik,20,TOWN,Urban,Malegaon (M Corp. + Og),802772,80415,481228,244080,237148,77969,19179,7970,352622,143958,136656,7302,337270
Nashik,20,TOWN,Urban,Malegaon (M Corp.),802772,78501,471312,238868,232444,76585,18106,6320,345816,139904,133104,6800,331408
Nashik,20,TOWN,Urban,Dyane (Ct),550299,8371,49192,25181,24011,9179,3031,964,32565,16027,15148,879,33165
Nashik,20,TOWN,Urban,Soyagaon (Ct),550300,7336,34341,18070,16271,3627,2143,1942,28172,11977,11124,853,22364
Nashik,20,TOWN,Urban,Sangameshwar (Ct),550301,2226,10815,5634,5181,1154,794,245,8879,3512,3326,186,7303
Nashik,20,TOWN,Urban,Maldhe (Ct),550302,1961,11881,6071,5810,2332,53,543,7711,3540,3446,94,8341
Nashik,20,TOWN,Urban,Nandgaon (M Cl),802773,4805,23604,12130,11474,2824,4297,1100,18482,7993,7419,574,15611
Nashik,20,TOWN,Urban,Manmad (M Cl),802774,16077,80058,40816,39242,9605,21331,4022,63257,26151,23684,2467,53907
Nashik,20,TOWN,Urban,Chandvad (Ct),550516,4945,25341,13284,12057,3086,2930,3297,19611,9946,8551,1395,15395
Nashik,20,TOWN,Urban,Trimbak (M Cl),802775,2266,12056,6170,5886,1338,713,4314,9604,4255,3758,497,7801
Nashik,20,TOWN,Urban,Nashik (M Corp.),802776,336333,1486053,782517,703536,174476,214620,107456,1178446,534821,495978,38843,951232
Nashik,20,TOWN,Urban,Deolali (Cb),802777,11696,54027,28269,25758,6085,11540,1982,43172,18845,17283,1562,35182
Nashik,20,TOWN,Urban,Bhagur (M Cl),802778,2545,12353,6201,6152,1339,2442,717,10146,4048,3614,434,8305
Nashik,20,TOWN,Urban,Samangaon (Ct),551018,1027,5156,2693,2463,680,2094,283,3763,2190,2040,150,2966
Nashik,20,TOWN,Urban,Vilholi (Ct),551019,1403,6798,3558,3240,1102,1501,2165,4401,2869,2633,236,3929
Nashik,20,TOWN,Urban,Sansari (Ct),551020,1230,5780,2999,2781,650,994,364,4605,2333,2002,331,3447
Nashik,20,TOWN,Urban,Eklahare (Ct),551021,2055,9376,4934,4442,1021,2767,953,7456,3839,3520,319,5537
Nashik,20,TOWN,Urban,Igatpuri (M Cl),802779,6297,30989,15748,15241,3363,6848,3383,24699,9746,7763,1983,21243
Nashik,20,TOWN,Urban,Ghoti Bk. (Ct),551139,4933,24838,12785,12053,3211,2100,2427,18610,9003,7508,1495,15835
Nashik,20,TOWN,Urban,Sinnar (M Cl),802780,14398,65299,34633,30666,8565,5593,4517,49583,25023,23056,1967,40276
Nashik,20,TOWN,Urban,Ozar (Ct),551404,11615,51297,26671,24626,6337,8948,5798,40450,20101,18507,1594,31196
Nashik,20,TOWN,Urban,Lasalgaon (Ct),551405,3642,17360,8884,8476,2078,2315,625,13877,6638,6124,514,10722
Nashik,20,TOWN,Urban,Pimpalgaon Najik (Ct),551406,1185,5741,2920,2821,757,818,661,4327,2810,2247,563,2931
Nashik,20,TOWN,Urban,Yevla (M Cl),802781,9798,49826,25582,24244,6005,3917,1558,39801,16947,15739,1208,32879
Thane,21,TOWN,Urban,Dahanu (M Cl),802782,11397,50287,25790,24497,5242,2471,9323,38137,19901,17921,1980,30386
Thane,21,TOWN,Urban,Chinchani (Ct),551750,3129,13646,6793,6853,1133,117,2820,11166,5604,4661,943,8042
Thane,21,TOWN,Urban,Vikramgad (Ct),551844,1263,5991,3080,2911,808,158,3259,4290,2278,1673,605,3713
Thane,21,TOWN,Urban,Jawhar (M Cl),802783,2724,12040,6127,5913,1443,929,4203,9421,4137,3525,612,7903
Thane,21,TOWN,Urban,Kudus (Ct),552181,1627,7204,3899,3305,1161,485,765,5114,2652,2421,231,4552
Thane,21,TOWN,Urban,Vada (Ct),552182,3959,16750,8596,8154,1871,825,4421,12949,6178,5030,1148,10572
Thane,21,TOWN,Urban,Palghar (M Cl),802784,16273,68930,36523,32407,8139,3419,9720,53435,27786,25176,2610,41144
Thane,21,TOWN,Urban,Katkar (Ct),552386,2852,11398,6426,4972,1818,584,1234,8100,4513,4019,494,6885
Thane,21,TOWN,Urban,Boisar (Ct),552387,8711,36151,20319,15832,4896,1741,636,27658,14372,12837,1535,21779
Thane,21,TOWN,Urban,Salwad (Ct),552388,2696,10397,6237,4160,1273,301,374,8024,4693,4329,364,5704
Thane,21,TOWN,Urban,Dandi (Ct),552389,2367,8942,5136,3806,1358,243,1712,5957,3658,3337,321,5284
Thane,21,TOWN,Urban,Khaira (Ct),552390,7651,31699,18332,13367,4210,549,845,24303,12948,11759,1189,18751
Thane,21,TOWN,Urban,Saravali (Ct),552391,2209,8710,5008,3702,1124,231,184,7039,3736,3417,319,4974
Thane,21,TOWN,Urban,Manor (Ct),552392,2206,10421,5322,5099,1367,389,3916,7759,3908,2912,996,6513
Thane,21,TOWN,Urban,Shirgaon (Ct),552393,1378,5971,3097,2874,642,361,1193,4699,2816,2219,597,3155
Thane,21,TOWN,Urban,Umbar Pada Nandade (Ct),552394,1789,7605,3868,3737,921,284,1432,5552,2972,2513,459,4633
Thane,21,TOWN,Urban,Tarapur (Ct),552395,1558,6962,3462,3500,652,644,809,5747,2673,2191,482,4289
Thane,21,TOWN,Urban,Pasthal (Ct),552396,4804,18194,9635,8559,2037,1641,965,15216,7165,6789,376,11029
Thane,21,TOWN,Urban,Vasai-Virar City (M Corp),802785,291229,1222390,648172,574218,147102,50983,57490,952411,490018,445274,44744,732372
Thane,21,TOWN,Urban,Chandrapada (Ct),552447,1897,7750,4037,3713,1164,634,961,5603,3274,2763,511,4476
Thane,21,TOWN,Urban,Mira-Bhayandar (M Corp.),802786,187059,809378,429260,380118,88015,30243,12596,656293,316363,281675,34688,493015
Thane,21,TOWN,Urban,Thane (M Corp.),802787,435341,1841488,975399,866089,209879,126003,42698,1458796,699235,649128,50107,1142253
Thane,21,TOWN,Urban,Navi Mumbai (M Corp.),802788,273626,1120547,610060,510487,129591,100067,18913,888117,455485,419469,36016,665062
Thane,21,TOWN,Urban,Bhiwandi Nizampur (M Corp.),802789,140035,709665,415339,294326,91825,21820,8178,491071,289828,269087,20741,419837
Thane,21,TOWN,Urban,Padagha (Ct),552675,1458,6633,3404,3229,847,575,412,5150,2476,2022,454,4157
Thane,21,TOWN,Urban,Shelar (Ct),552676,3538,14899,9183,5716,1880,1728,951,10474,7240,6642,598,7659
Thane,21,TOWN,Urban,Khoni (Ct),552677,4752,26016,16365,9651,3303,611,674,17729,12571,11311,1260,13445
Thane,21,TOWN,Urban,Mahapoli (Ct),552678,1128,5666,2965,2701,894,345,1218,3857,1749,1492,257,3917
Thane,21,TOWN,Urban,Borivali Tarf Rahur (Ct),552679,1130,5780,2929,2851,867,368,500,4213,1642,1519,123,4138
Thane,21,TOWN,Urban,Kambe (Ct),552680,1559,6642,3752,2890,929,800,1417,4500,3003,2616,387,3639
Thane,21,TOWN,Urban,Katai (Ct),552681,3024,12898,9403,3495,1244,1417,1102,8986,8289,7659,630,4609
Thane,21,TOWN,Urban,Karivali (Ct),552682,3190,12907,9017,3890,1369,825,210,8931,7896,7181,715,5011
Thane,21,TOWN,Urban,Kharbav (Ct),552683,1109,5250,2630,2620,642,222,412,3887,1907,1417,490,3343
Thane,21,TOWN,Urban,Rahanal (Ct),552684,2590,10928,6233,4695,1542,978,521,7912,4747,4254,493,6181
Thane,21,TOWN,Urban,Purne (Ct),552685,1486,6588,3808,2780,849,328,54,4658,2816,2639,177,3772
Thane,21,TOWN,Urban,Kalher (Ct),552686,3587,15573,8701,6872,1955,564,650,12310,6472,5902,570,9101
Thane,21,TOWN,Urban,Kon (Ct),552687,5452,24295,13083,11212,3134,1864,1032,18867,8555,7850,705,15740
Thane,21,TOWN,Urban,Kasara Bk. (Ct),552913,3196,15611,7896,7715,2000,3648,5536,10855,4504,3640,864,11107
Thane,21,TOWN,Urban,Shahapur (Ct),552914,2713,11623,5930,5693,1224,684,1498,9387,4048,3336,712,7575
Thane,21,TOWN,Urban,Vashind (Ct),552915,4696,20561,10774,9787,2314,2732,1996,16409,6770,6218,552,13791
Thane,21,TOWN,Urban,Khardi (Ct),552916,1148,5579,2895,2684,766,675,1416,3866,1749,1340,409,3830
Thane,21,TOWN,Urban,Gotheghar (Ct),552917,1008,4232,2207,2025,600,323,300,3126,1520,1194,326,2712
Thane,21,TOWN,Urban,Asangaon (Ct),552918,3062,13104,7043,6061,1741,1234,3939,10015,4813,4215,598,8291
Thane,21,TOWN,Urban,Kalyan-Dombivli (M Corp.),802790,302735,1247327,649626,597701,121122,121897,36864,1029041,469306,440991,28315,778021
Thane,21,TOWN,Urban,Kambe (Ct),553005,1209,5436,2804,2632,779,473,1326,3289,2162,1444,718,3274
Thane,21,TOWN,Urban,Mharal Bk (Ct),553006,6535,29462,15788,13674,3889,6340,1462,21316,10669,9376,1293,18793
Thane,21,TOWN,Urban,Ulhasnagar (M Corp.),802791,111799,506098,269048,237050,51267,86680,6576,397938,194024,175394,18630,312074
Thane,21,TOWN,Urban,Badlapur (M Cl),802792,41902,174226,90365,83861,17801,25496,6853,143480,65255,55750,9505,108971
Thane,21,TOWN,Urban,Ambarnath(M Cl),802793,58407,253475,132582,120893,28449,35377,9645,196261,91407,85272,6135,162068
Thane,21,TOWN,Urban,Vangani (Ct),553083,2915,12628,6607,6021,1628,2050,901,9207,4645,4161,484,7983
Thane,21,TOWN,Urban,Murbad (Ct),553290,4458,18725,9987,8738,2234,1751,1177,14755,6610,6098,512,12115
Mumbai Suburban,22,TOWN,Urban,Greater Mumbai (M Corp.) (Part),802794,2105604,9356962,5031323,4325639,930884,583302,104560,7575485,3735021,3515922,219099,5621941
Mumbai,23,TOWN,Urban,Greater Mumbai (M Corp.) (Part),802794,674339,3085411,1684608,1400803,272886,219934,25093,2509022,1284396,1209334,75062,1801015
Raigarh,24,TOWN,Urban,Uran (M Cl),802795,7229,30439,15549,14890,3178,2114,592,24911,11197,10186,1011,19242
Raigarh,24,TOWN,Urban,Kegaon (Ct),553350,1840,7485,4084,3401,833,646,85,6254,2810,2342,468,4675
Raigarh,24,TOWN,Urban,Navghar (Ct),553351,1625,6603,3468,3135,762,596,272,5292,2514,2011,503,4089
Raigarh,24,TOWN,Urban,Chanje (Ct),553352,3864,16714,8723,7991,1870,770,1162,12033,6586,4820,1766,10128
Raigarh,24,TOWN,Urban,Jasai (Ct),553353,2133,8234,4520,3714,1380,818,214,5587,3220,2982,238,5014
Raigarh,24,TOWN,Urban,Panvel (M Cl),802796,43107,180020,92484,87536,18459,14464,4301,151693,67994,61532,6462,112026
Raigarh,24,TOWN,Urban,Talode Panchnad (Ct),553512,2749,14318,7668,6650,2570,567,336,10331,4319,4030,289,9999
Raigarh,24,TOWN,Urban,Kharghar (Ct),553513,20737,80612,42001,38611,9488,5750,1534,66574,31350,27643,3707,49262
Raigarh,24,TOWN,Urban,Navi Mumbai Panvel Raigarh (Ct),553514,46920,195373,107342,88031,26873,14989,4793,150137,75042,67522,7520,120331
Raigarh,24,TOWN,Urban,Palidevad (Ct),553515,2193,9194,4913,4281,1124,1142,297,7517,3223,3088,135,5971
Raigarh,24,TOWN,Urban,Vadghar (Ct),553516,1700,7341,3873,3468,1216,443,248,4968,2796,2042,754,4545
Raigarh,24,TOWN,Urban,Owle (Ct),553517,947,4275,2202,2073,629,229,156,3044,1357,1238,119,2918
Raigarh,24,TOWN,Urban,Kalundre (Ct),553518,1672,6626,3515,3111,841,372,218,5074,2419,2186,233,4207
Raigarh,24,TOWN,Urban,Matheran (M Cl),802797,977,4393,2248,2145,412,623,183,3525,1647,1557,90,2746
Raigarh,24,TOWN,Urban,Karjat (M Cl),802798,6820,29663,15248,14415,3039,3693,1418,23531,10350,9287,1063,19313
Raigarh,24,TOWN,Urban,Neral (Ct),553695,4075,18429,9242,9187,2073,1251,2881,14036,6517,5838,679,11912
Raigarh,24,TOWN,Urban,Khopoli (M Cl),802799,16266,71141,37305,33836,8278,6721,3065,55081,25530,23071,2459,45611
Raigarh,24,TOWN,Urban,Ambivali T. Tungartan (Ct),553817,1611,6497,3526,2971,690,688,397,5262,2340,1911,429,4157
Raigarh,24,TOWN,Urban,Mohpada Alias Wasambe (Ct),553818,2360,9694,5118,4576,1155,486,568,7667,3489,3204,285,6205
Raigarh,24,TOWN,Urban,Rees (Ct),553819,1983,8632,4555,4077,772,730,121,7299,3132,2740,392,5500
Raigarh,24,TOWN,Urban,Pen (M Cl),802800,9070,37852,19257,18595,3910,2050,945,31022,13725,12586,1139,24127
Raigarh,24,TOWN,Urban,Dadar (Ct),553989,1202,5389,2820,2569,774,0,1,3418,1571,601,970,3818
Raigarh,24,TOWN,Urban,Zotirpada (Ct),553990,837,3389,1793,1596,210,234,143,2941,1156,979,177,2233
Raigarh,24,TOWN,Urban,Alibag (M Cl),802801,4985,20743,10646,10097,1833,1192,2735,17431,8591,7666,925,12152
Raigarh,24,TOWN,Urban,Ambepur (Ct),554203,1218,5035,2593,2442,471,308,75,4117,2819,2469,350,2216
Raigarh,24,TOWN,Urban,Chendhare (Ct),554204,2834,11039,5590,5449,901,1079,405,9671,4658,4245,413,6381
Raigarh,24,TOWN,Urban,Kurul (Ct),554205,1233,4869,2535,2334,564,368,164,3856,1841,1625,216,3028
Raigarh,24,TOWN,Urban,Murud Janjira (M Cl),802802,2771,12216,5992,6224,1044,247,1536,10229,4211,3614,597,8005
Raigarh,24,TOWN,Urban,Roha Ashtami (M Cl),802803,4745,20849,10590,10259,2093,471,277,17567,6769,6521,248,14080
Raigarh,24,TOWN,Urban,Nagothane (Ct),554446,2873,12549,6520,6029,1598,612,421,9604,4389,3577,812,8160
Raigarh,24,TOWN,Urban,Bhuwaneshwar (Ct),554447,2178,8871,4661,4210,874,507,209,7414,2926,2530,396,5945
Raigarh,24,TOWN,Urban,Dhatau (Ct),554448,1232,5066,2874,2192,560,348,323,3789,2185,1658,527,2881
Raigarh,24,TOWN,Urban,Pali (Ct),554547,2167,9176,4703,4473,895,334,657,7458,3173,2951,222,6003
Raigarh,24,TOWN,Urban,Utekhol (Ct),554733,2593,11380,5943,5437,1279,1250,1207,9094,4032,3749,283,7348
Raigarh,24,TOWN,Urban,Goregaon (Ct),554734,1548,7155,3488,3667,740,619,69,5862,2181,1933,248,4974
Raigarh,24,TOWN,Urban,Shrivardhan (M Cl),802804,3406,15123,7450,7673,1469,476,1148,11862,5007,4284,723,10116
Raigarh,24,TOWN,Urban,Borli Panchtan (Ct),554876,1567,6952,3293,3659,747,398,10,5461,2420,1909,511,4532
Raigarh,24,TOWN,Urban,Mhasla (Ct),554960,2062,9679,4756,4923,1313,357,454,7513,2920,2413,507,6759
Raigarh,24,TOWN,Urban,Mahad (M Cl),802805,6430,27536,14025,13511,2817,1707,350,23316,9070,8603,467,18466
Raigarh,24,TOWN,Urban,Nadgaon Tarf Birwadi (Ct),555142,1258,4871,2527,2344,585,191,154,3857,1662,1447,215,3209
Raigarh,24,TOWN,Urban,Birwadi (Ct),555143,2149,8829,4692,4137,1023,273,96,6967,3275,3059,216,5554
Raigarh,24,TOWN,Urban,Poladpur (Ct),555230,1420,5944,3017,2927,669,501,137,4838,2000,1898,102,3944
Pune,25,TOWN,Urban,Junnar (M Cl),802806,5637,25315,13066,12249,2673,1462,1892,20468,8452,7781,671,16863
Pune,25,TOWN,Urban,Manchar (Ct),555557,4227,18876,9643,9233,2285,1010,1183,14876,7537,7188,349,11339
Pune,25,TOWN,Urban,Shirur (M Cl),802807,8030,37111,19003,18108,4728,4613,1008,27585,12394,11542,852,24717
Pune,25,TOWN,Urban,Koregaon Bhima (Ct),555673,3192,13116,7220,5896,1954,1566,266,9980,5504,5064,440,7612
Pune,25,TOWN,Urban,Sanaswadi (Ct),555674,3386,13543,7403,6140,1975,1684,225,10108,6141,5775,366,7402
Pune,25,TOWN,Urban,Alandi (M Cl),802808,7193,28645,16142,12503,3552,2819,485,22852,10316,9772,544,18329
Pune,25,TOWN,Urban,Rajgurunagar (Khed) (Ct),555861,5910,25146,12899,12247,2822,1565,1279,20186,9521,8742,779,15625
Pune,25,TOWN,Urban,Chakan (Ct),555862,10232,41113,22194,18919,6233,4477,922,30665,16935,15776,1159,24178
Pune,25,TOWN,Urban,Kharabwadi (Ct),555863,2377,9200,5033,4167,1524,1521,403,6779,3783,3686,97,5417
Pune,25,TOWN,Urban,Nanekarwadi (Ct),555864,3598,12654,7442,5212,2000,1087,903,9542,5936,5639,297,6718
Pune,25,TOWN,Urban,Medankarwadi (Ct),555865,3349,12576,7113,5463,2054,1163,276,9457,5369,4723,646,7207
Pune,25,TOWN,Urban,Talegaon Dabhade (M Cl),802809,13856,56435,29033,27402,6232,4619,1695,45934,20537,18995,1542,35898
Pune,25,TOWN,Urban,Lonavala (M Cl),802810,12195,57698,30854,26844,5983,7658,2203,46196,22843,21620,1223,34855
Pune,25,TOWN,Urban,Wadagaon (Ct),556053,3416,14595,7583,7012,1921,1378,601,11134,5126,4585,541,9469
Pune,25,TOWN,Urban,Khadkale (Ct),556054,2998,13435,6971,6464,1814,1629,701,10070,4738,4132,606,8697
Pune,25,TOWN,Urban,Kusgaon Bk. (Ct),556055,2736,15612,8909,6703,1732,1259,394,12264,4428,3937,491,11184
Pune,25,TOWN,Urban,Hinjavadi (Ct),556201,2856,11459,6294,5165,1747,1767,194,8171,4921,4520,401,6538
Pune,25,TOWN,Urban,Pirangut (Ct),556202,3606,14174,7727,6447,2234,1497,219,10423,6173,5735,438,8001
Pune,25,TOWN,Urban,Pimpri Chinchwad (M Corp.),802811,427356,1727692,942533,785159,221746,273810,36535,1343658,676832,629863,46969,1050860
Pune,25,TOWN,Urban,Dehu Road (Cb),802812,10634,48961,25971,22990,5700,10693,1370,39351,18912,17815,1097,30049
Pune,25,TOWN,Urban,Dehu (Ct),556326,1381,6133,3178,2955,660,1608,57,4851,2412,2112,300,3721
Pune,25,TOWN,Urban,Wagholi (Ct),556327,7743,33479,17767,15712,4915,4676,470,24319,12309,11511,798,21170
Pune,25,TOWN,Urban,Yewalewadi (Ct),556328,1733,7685,4137,3548,1257,1369,104,5112,2873,2765,108,4812
Pune,25,TOWN,Urban,Pune (Cb),802813,15102,71781,37046,34735,6349,9307,384,61244,27743,26596,1147,44038
Pune,25,TOWN,Urban,Pune (M Corp.),802814,742602,3124458,1603675,1520783,337062,419396,34025,2496324,1203153,1129388,73765,1921305
Pune,25,TOWN,Urban,Kirkee (Cb),802815,16266,78684,43837,34847,8164,14400,1750,65166,33674,31554,2120,45010
Pune,25,TOWN,Urban,Daund (M Cl),802816,10288,49450,25117,24333,5721,11454,1239,38244,16655,13951,2704,32795
Pune,25,TOWN,Urban,Daund (Ct),556432,1518,6863,3449,3414,683,3593,375,5335,2144,1964,180,4719
Pune,25,TOWN,Urban,Sasvad (M Cl),802817,7054,31821,16219,15602,3362,2941,523,24840,12611,11340,1271,19210
Pune,25,TOWN,Urban,Jejuri (M Cl),802818,3286,14515,7347,7168,1668,1900,273,11487,5487,5042,445,9028
Pune,25,TOWN,Urban,Shivatkar (Nira) (Ct),556541,2495,11228,5702,5526,1246,1586,336,8561,4142,3513,629,7086
Pune,25,TOWN,Urban,Bhor (M Cl),802819,4059,18453,9256,9197,1854,1406,395,15134,6435,5471,964,12018
Pune,25,TOWN,Urban,Baramati (M Cl),802820,11539,54415,27643,26772,5684,12436,324,44014,19026,18103,923,35389
Pune,25,TOWN,Urban,Jalochi (Ct),556983,4453,19346,10007,9339,2296,2064,133,15331,6788,6143,645,12558
Pune,25,TOWN,Urban,Indapur (M Cl),802821,5228,25515,13252,12263,3027,4261,345,19840,8556,8108,448,16959
Ahmadnagar,26,TOWN,Urban,Rajur (Ct),557317,1906,10046,5238,4808,1050,861,4043,7969,3582,2661,921,6464
Ahmadnagar,26,TOWN,Urban,Sangamner (M Cl),802822,13218,65804,33463,32341,7165,3478,1064,53280,21861,20553,1308,43943
Ahmadnagar,26,TOWN,Urban,Ghulewadi (Ct),557488,4455,21860,11487,10373,2360,3623,1030,17143,7681,7349,332,14179
Ahmadnagar,26,TOWN,Urban,Kopargaon (M Cl),802823,13211,65273,33222,32051,7839,10490,1668,48862,21825,19886,1939,43448
Ahmadnagar,26,TOWN,Urban,Shirdi (Np),802824,7775,36004,18751,17253,5107,7282,1299,25921,12106,11330,776,23898
Ahmadnagar,26,TOWN,Urban,Rahta Pimplas (M Cl),802825,4375,22335,11438,10897,2847,3784,1002,16510,8190,7614,576,14145
Ahmadnagar,26,TOWN,Urban,Shrirampur (M Cl),802826,18104,89282,44842,44440,10539,16688,1973,67638,30986,26625,4361,58296
Ahmadnagar,26,TOWN,Urban,Pathardi (M Cl),802827,5516,27211,14224,12987,3120,2907,218,20564,10062,8987,1075,17149
Ahmadnagar,26,TOWN,Urban,Ahmadnagar (M Corp.),802828,75960,350859,178899,171960,38439,45899,4074,280512,124270,113174,11096,226589
Ahmadnagar,26,TOWN,Urban,Ahmadnagar (Cb),802829,5608,28986,16568,12418,3213,5771,560,23787,11797,11020,777,17189
Ahmadnagar,26,TOWN,Urban,Nagapur (Ct),558166,2815,11790,6359,5431,1589,1703,116,9473,4430,4306,124,7360
Ahmadnagar,26,TOWN,Urban,Burhanagar (Ct),558167,1498,6885,3628,3257,843,1373,74,5159,2713,2262,451,4172
Ahmadnagar,26,TOWN,Urban,Nagardeole (Ct),558168,3831,18802,9768,9034,2165,4118,375,14987,6251,5881,370,12551
Ahmadnagar,26,TOWN,Urban,Darewadi (Ct),558169,2178,10860,6414,4446,1320,2032,141,8701,5036,4381,655,5824
Ahmadnagar,26,TOWN,Urban,Rahuri (M Cl),802830,7841,38813,20140,18673,4815,5838,2586,28454,14628,13500,1128,24185
Ahmadnagar,26,TOWN,Urban,Deolali Pravara (M Cl),802831,6570,30997,15984,15013,3826,4475,1405,21689,13078,12221,857,17919
Ahmadnagar,26,TOWN,Urban,Shrigonda (M Cl),802832,6343,31134,16048,15086,3650,3895,577,22513,13395,11969,1426,17739
Ahmadnagar,26,TOWN,Urban,Karjat (Ct),558631,2562,11659,6048,5611,1289,2172,180,8933,4324,4015,309,7335
Ahmadnagar,26,TOWN,Urban,Jamkhed (Ct),558718,7175,34017,17397,16620,4365,4007,870,24648,12557,11644,913,21460
Bid,27,TOWN,Urban,Ashti (Ct),558895,2538,11972,6102,5870,1503,1376,134,8944,4265,3859,406,7707
Bid,27,TOWN,Urban,Georai (M Cl),802833,6396,33562,17263,16299,4838,4279,365,23913,11508,10178,1330,22054
Bid,27,TOWN,Urban,Manjlegaon (M Cl),802834,9468,49453,25539,23914,7046,6403,723,35030,16520,14882,1638,32933
Bid,27,TOWN,Urban,Bid (M Cl),802835,28940,146709,75566,71143,19954,13946,1326,113249,47386,41658,5728,99323
Bid,27,TOWN,Urban,Bid (Rural) (Ct),559688,11120,56531,29876,26655,7453,11189,555,42019,17862,16482,1380,38669
Bid,27,TOWN,Urban,Kaij (Np),802836,6148,30704,16208,14496,4097,5718,370,22672,10179,8734,1445,20525
Bid,27,TOWN,Urban,Dharur (M Cl),802837,3959,20417,10573,9844,2792,2820,327,14535,7614,6683,931,12803
Bid,27,TOWN,Urban,Parli (M Cl),802838,17382,90975,46975,44000,12206,14695,1384,66483,29775,26485,3290,61200
Bid,27,TOWN,Urban,Ambejogai (M Cl),802839,14296,73975,38026,35949,9373,11959,857,56073,24050,21019,3031,49925
Latur,28,TOWN,Urban,Latur (M Cl),802840,74557,382940,197737,185203,47811,67474,5550,282237,116044,104528,11516,266896
Latur,28,TOWN,Urban,Arvi (Ct),560210,2779,14015,7343,6672,1843,2643,174,9878,4789,4632,157,9226
Latur,28,TOWN,Urban,Ahmadpur (M Cl),802841,7942,43936,22796,21140,5691,6518,560,31618,13168,11590,1578,30768
Latur,28,TOWN,Urban,Ausa (M Cl),802842,6647,36118,18527,17591,4882,4131,193,24853,11455,10345,1110,24663
Latur,28,TOWN,Urban,Nilanga (M Cl),802843,6617,36172,18673,17499,4692,7026,716,25174,11654,10155,1499,24518
Latur,28,TOWN,Urban,Udgir (M Cl),802844,18054,103550,54013,49537,13642,21615,2005,75751,29883,26151,3732,73667
Latur,28,TOWN,Urban,Nideban (Ct),561037,1567,8249,4344,3905,915,1897,143,6316,2497,2219,278,5752
Osmanabad,29,TOWN,Urban,Paranda (M Cl),802845,3577,18758,9665,9093,2577,2541,196,13584,6807,6247,560,11951
Osmanabad,29,TOWN,Urban,Bhum (M Cl),802846,3931,18561,9672,8889,2302,2812,471,13778,5999,4686,1313,12562
Osmanabad,29,TOWN,Urban,Kalamb (M Cl),802847,5135,25713,13524,12189,3535,4021,1118,18968,8703,7690,1013,17010
Osmanabad,29,TOWN,Urban,Osmanabad (M Cl),802848,21866,111825,57824,54001,13650,18715,2627,86999,34502,30914,3588,77323
Osmanabad,29,TOWN,Urban,Tuljapur (M Cl),802849,6563,34011,17580,16431,4170,5205,500,26012,11592,9143,2449,22419
Osmanabad,29,TOWN,Urban,Naldurg (M Cl),802850,3457,18341,9516,8825,2597,2130,175,13241,5493,4285,1208,12848
Osmanabad,29,TOWN,Urban,Murum (M Cl),802851,3459,18371,9376,8995,2275,2921,122,12998,6382,5448,934,11989
Osmanabad,29,TOWN,Urban,Umarga (M Cl),802852,6799,35477,18141,17336,4430,5514,823,26208,11050,10335,715,24427
Solapur,30,TOWN,Urban,Karmala (M Cl),802853,4702,23199,11905,11294,2738,3535,430,17793,7428,6751,677,15771
Solapur,30,TOWN,Urban,Kurduvadi (M Cl),802854,4642,22463,11483,10980,2427,5401,292,17565,7058,6264,794,15405
Solapur,30,TOWN,Urban,Barshi (M Cl),802855,24713,118722,60801,57921,13418,18374,1480,90322,38885,35888,2997,79837
Solapur,30,TOWN,Urban,Solapur (M Corp.),802856,188503,951558,481064,470494,109360,138078,17982,697327,354935,328455,26480,596623
Solapur,30,TOWN,Urban,Pandharpur (M Cl),802857,20054,98923,50645,48278,11151,12211,5410,76058,30855,28520,2335,68068
Solapur,30,TOWN,Urban,Natepute (Ct),562511,3538,17930,9059,8871,2085,3639,140,13274,6827,6582,245,11103
Solapur,30,TOWN,Urban,Akluj (Ct),562512,8371,39972,20318,19654,5236,9240,354,29022,13761,13096,665,26211
Solapur,30,TOWN,Urban,Sangramnagar (Ct),562513,1343,6499,3358,3141,744,839,49,5073,2188,2113,75,4311
Solapur,30,TOWN,Urban,Sangole (M Cl),802858,6883,34321,17720,16601,4224,4803,170,24982,12624,11256,1368,21697
Solapur,30,TOWN,Urban,Mangalvedhe (M Cl),802859,4420,21824,11109,10715,2510,2629,190,15797,7439,7017,422,14385
Solapur,30,TOWN,Urban,Akkalkot (M Cl),802860,7869,40103,20051,20052,5315,5305,769,26471,12679,11984,695,27424
Solapur,30,TOWN,Urban,Maindargi (M Cl),802861,2468,12363,6217,6146,1483,1261,178,7380,4601,4246,355,7762
Solapur,30,TOWN,Urban,Dudhani (M Cl),802862,2101,11214,5779,5435,1434,1249,417,6824,3992,3683,309,7222
Satara,31,TOWN,Urban,Mahabaleshwar (M Cl),802863,2438,13393,6974,6419,1368,1288,368,10789,4870,4601,269,8523
Satara,31,TOWN,Urban,Panchgani (M Cl),802864,2567,14894,8335,6559,1315,3331,321,12559,4309,3883,426,10585
Satara,31,TOWN,Urban,Wai (M Cl),802865,8117,36025,18134,17891,3700,3697,926,28720,12739,12045,694,23286
Satara,31,TOWN,Urban,Songirwadi (Rural) (Ct),563165,183,791,418,373,77,102,75,667,279,269,10,512
Satara,31,TOWN,Urban,Lonand (Ct),563232,4039,18723,9560,9163,2109,2462,599,14862,6871,6517,354,11852
Satara,31,TOWN,Urban,Phaltan (M Cl),802866,11177,52118,26242,25876,5395,9047,388,41339,17783,16058,1725,34335
Satara,31,TOWN,Urban,Kolki (Ct),563358,1757,8054,4153,3901,778,1003,103,6591,2977,2651,326,5077
Satara,31,TOWN,Urban,Mhaswad (M Cl),802867,4812,24120,12185,11935,3008,3324,77,15646,10959,9593,1366,13161
Satara,31,TOWN,Urban,Rahimatpur (M Cl),802868,3607,17633,8914,8719,1699,1451,125,13544,6713,6089,624,10920
Satara,31,TOWN,Urban,Koregaon (Ct),563744,5479,24690,12538,12152,2687,2496,393,19483,8684,7694,990,16006
Satara,31,TOWN,Urban,Satara (M Cl),802869,27297,120195,61129,59066,11469,15642,1031,100208,40386,36746,3640,79809
Satara,31,TOWN,Urban,Khed (Ct),563956,3162,14266,7395,6871,1684,4254,325,10766,5542,4480,1062,8724
Satara,31,TOWN,Urban,Karanje Tarf Satara (Ct),563957,6715,29140,14972,14168,3016,3507,494,23643,9958,9328,630,19182
Satara,31,TOWN,Urban,Godoli (Ct),563958,5399,22517,11585,10932,2035,2060,246,18981,7422,7103,319,15095
Satara,31,TOWN,Urban,Kodoli (Ct),563959,6207,26106,13493,12613,3023,2518,103,21156,8850,8076,774,17256
Satara,31,TOWN,Urban,Medha (Ct),564121,1037,4678,2323,2355,600,460,275,3544,1633,1419,214,3045
Satara,31,TOWN,Urban,Patan (Ct),564465,3052,13779,6962,6817,1501,2165,422,10849,4332,3911,421,9447
Satara,31,TOWN,Urban,Karad (M Cl),802870,11395,53879,27134,26745,5444,6279,214,43131,19019,17921,1098,34860
Satara,31,TOWN,Urban,Malkapur (Np),802871,7125,31671,16352,15319,3576,4040,173,24762,10887,10181,706,20784
Satara,31,TOWN,Urban,Hajarmachi (Ct),564683,2027,9317,4772,4545,1011,1706,113,7407,3490,3076,414,5827
Satara,31,TOWN,Urban,Saidapur (Ct),564684,3135,13913,6986,6927,1319,1895,145,11205,4870,4275,595,9043
Satara,31,TOWN,Urban,Karad (Rural) (Ct),564685,4421,20476,10537,9939,2504,2934,256,15092,7673,7152,521,12803
Ratnagiri,32,TOWN,Urban,Dapoli Camp (Np),802872,3650,15713,7772,7941,1709,622,130,12988,4694,4475,219,11019
Ratnagiri,32,TOWN,Urban,Gimhavane (Ct),564968,1257,5025,2501,2524,447,501,26,4262,1728,1606,122,3297
Ratnagiri,32,TOWN,Urban,Jalgaon (Ct),564969,1586,6480,3373,3107,552,345,112,5633,2214,1971,243,4266
Ratnagiri,32,TOWN,Urban,Dabhol (Ct),564970,1527,7038,3515,3523,620,14,0,5669,2545,2024,521,4493
Ratnagiri,32,TOWN,Urban,Khed (M Cl),802873,3923,16892,8151,8741,1752,1083,128,14281,4720,4329,391,12172
Ratnagiri,32,TOWN,Urban,Chiplun (M Cl),802874,12925,55139,27355,27784,5565,2112,221,46561,17261,15703,1558,37878
Ratnagiri,32,TOWN,Urban,Kherdi (Ct),565351,2970,12397,6436,5961,1335,470,29,10260,4391,4106,285,8006
Ratnagiri,32,TOWN,Urban,Mouje Anjanvel (Ct),565473,361,1621,823,798,147,32,18,1293,588,460,128,1033
Ratnagiri,32,TOWN,Urban,Ratnagiri (M Cl),802875,17585,76229,37670,38559,7577,1924,545,63075,24941,23198,1743,51288
Ratnagiri,32,TOWN,Urban,Zadgaon (Ct),565670,1846,7803,3856,3947,860,141,40,6512,2321,2188,133,5482
Ratnagiri,32,TOWN,Urban,Nachane (Ct),565671,2958,11688,5971,5717,1197,381,55,9806,4240,3982,258,7448
Ratnagiri,32,TOWN,Urban,Karle (Ct),565672,883,4382,1904,2478,509,0,0,3619,950,756,194,3432
Ratnagiri,32,TOWN,Urban,Kuwarbav (Ct),565673,1631,6497,3327,3170,698,287,76,5386,2419,1984,435,4078
Ratnagiri,32,TOWN,Urban,Devrukh (Ct),565872,3068,12689,6242,6447,1091,443,49,10597,4785,3654,1131,7904
Ratnagiri,32,TOWN,Urban,Lanja (Ct),565995,3375,14377,7173,7204,1521,807,82,11872,4828,4276,552,9549
Ratnagiri,32,TOWN,Urban,Rajapur (M Cl),802876,2252,9753,4839,4914,907,262,75,8221,3225,2977,248,6528
Sindhudurg,33,TOWN,Urban,Kankavli (Np),802877,4137,16398,8388,8010,1551,1489,222,13749,5722,4979,743,10676
Sindhudurg,33,TOWN,Urban,Kalmath (Ct),566496,1929,8011,4018,3993,812,852,95,6496,2740,2117,623,5271
Sindhudurg,33,TOWN,Urban,Malwan (M Cl),802878,4620,18648,9663,8985,1364,775,116,16074,7367,6327,1040,11281
Sindhudurg,33,TOWN,Urban,Vengurla (M Cl),802879,3147,12392,6196,6196,979,893,168,10447,4500,3617,883,7892
Sindhudurg,33,TOWN,Urban,Kudal (Ct),566839,4001,16015,8071,7944,1605,1161,109,12957,5786,4583,1203,10229
Sindhudurg,33,TOWN,Urban,Sawantwadi (M Cl),802880,5941,23851,11903,11948,2117,1121,176,20398,8004,6986,1018,15847
Sindhudurg,33,TOWN,Urban,Majgaon (Ct),566922,1218,5080,2483,2597,467,247,20,4190,1832,1386,446,3248
Sindhudurg,33,TOWN,Urban,Banda (Ct),566923,1645,6611,3342,3269,583,339,51,5483,2264,1997,267,4347
Kolhapur,34,TOWN,Urban,Malkapur (M Cl),802881,1138,5339,2699,2640,509,1112,26,4338,1840,1544,296,3499
Kolhapur,34,TOWN,Urban,Panhala (M Cl),802882,695,3121,1590,1531,280,427,39,2618,1058,943,115,2063
Kolhapur,34,TOWN,Urban,Wadi Ratnagiri (Ct),567260,934,4693,2387,2306,479,375,3,3393,1747,1579,168,2946
Kolhapur,34,TOWN,Urban,Vadgaon Kasba (M Cl),802883,5328,25651,13257,12394,2816,3764,142,19306,9230,8051,1179,16421
Kolhapur,34,TOWN,Urban,Ichalkaranji (M Cl),802884,61421,287353,149164,138189,33716,26104,1760,218070,103223,99152,4071,184130
Kolhapur,34,TOWN,Urban,Korochi (Ct),567319,4359,20420,10699,9721,2447,4010,159,15385,7372,6573,799,13048
Kolhapur,34,TOWN,Urban,Kabnur (Ct),567320,8519,38146,19946,18200,4486,5851,186,29137,14029,13060,969,24117
Kolhapur,34,TOWN,Urban,Hupari (Ct),567321,6059,28953,14653,14300,3057,4168,186,21978,11715,10536,1179,17238
Kolhapur,34,TOWN,Urban,Jaysingpur (M Cl),802885,10700,48510,24273,24237,5076,4865,554,37085,17813,16387,1426,30697
Kolhapur,34,TOWN,Urban,Kurundvad (M Cl),802886,4572,22372,11325,11047,2267,1991,104,17471,7504,6816,688,14868
Kolhapur,34,TOWN,Urban,Kolhapur (M Corp.),802887,124194,549236,280366,268870,52307,72005,2989,450265,191556,178211,13345,357680
Kolhapur,34,TOWN,Urban,Ujalaiwadi (Ct),567497,2149,9075,4714,4361,993,789,71,7275,3002,2899,103,6073
Kolhapur,34,TOWN,Urban,Gandhinagar (Ct),567498,2565,12601,6572,6029,1245,1389,38,10437,4672,4323,349,7929
Kolhapur,34,TOWN,Urban,Uchgaon (Ct),567499,7121,31238,16260,14978,3884,3876,901,23654,11158,10041,1117,20080
Kolhapur,34,TOWN,Urban,Pachgaon (Ct),567500,5052,22353,11740,10613,2301,3357,164,18198,8137,7368,769,14216
Kolhapur,34,TOWN,Urban,Morewadi (Ct),567501,1674,7222,3692,3530,722,641,11,5957,2517,2343,174,4705
Kolhapur,34,TOWN,Urban,Gokul Shirgaon (Ct),567502,2051,8623,4576,4047,1106,1521,36,6384,3196,2862,334,5427
Kolhapur,34,TOWN,Urban,Tamgaon (Ct),567503,1242,5223,2736,2487,697,928,1,3737,2337,1975,362,2886
Kolhapur,34,TOWN,Urban,Kalambe T. Thane (Ct),567504,2253,10138,5351,4787,1114,1522,14,7692,3910,3662,248,6228
Kolhapur,34,TOWN,Urban,Kagal (M Cl),802888,7390,34106,17634,16472,3757,5278,122,25830,11801,11131,670,22305
Kolhapur,34,TOWN,Urban,Murgud (M Cl),802889,2419,11194,5753,5441,1079,1403,53,8570,4125,3523,602,7069
Kolhapur,34,TOWN,Urban,Ajra (Ct),567964,3651,17257,8838,8419,1967,918,97,13299,5779,5075,704,11478
Kolhapur,34,TOWN,Urban,Gadhinglaj (M Cl),802890,6235,27185,13618,13567,2681,2526,232,21897,9076,8531,545,18109
Sangli,35,TOWN,Urban,Uran Islampur (M Cl),802891,14376,67391,34435,32956,6870,8249,458,53185,22726,20319,2407,44665
Sangli,35,TOWN,Urban,Ashta (M Cl),802892,7709,37105,19171,17934,3739,5750,519,27893,14739,13172,1567,22366
Sangli,35,TOWN,Urban,Vita (M Cl),802893,10328,48289,24692,23597,5321,6628,402,37499,17619,16129,1490,30670
Sangli,35,TOWN,Urban,Tasgaon (M Cl),802894,7868,37945,19460,18485,3971,3484,460,29905,13835,12406,1429,24110
Sangli,35,TOWN,Urban,Sangli Miraj Kupwad (M Corp.),802895,110062,502793,253640,249153,53798,73032,3496,385728,173225,158958,14267,329568
Sangli,35,TOWN,Urban,Budhgaon (Ct),568758,3237,14666,7526,7140,1512,1406,135,11575,5108,4467,641,9558
Sangli,35,TOWN,Urban,Madhavnagar (Ct),568759,2370,11168,5680,5488,1283,2194,43,8588,3861,3667,194,7307
