district,town_name,display_name,first_census,census_count,lat,lon,geocode_status,geocode_query
Ahmadnagar,deolali-pravara,Deolali-Pravara (M),1991,1,19.475724,74.620833,ok,"Deolali-Pravara, Ahmadnagar district, Maharashtra, India"
Ahmadnagar,kopargaon,Kopargaon (M),1991,3,19.883503,74.470199,ok,"Kopargaon, Ahmadnagar district, Maharashtra, India"
Ahmadnagar,pathardi,Pathardi (M),1991,3,19.170249,75.173563,ok,"Pathardi, Ahmadnagar district, Maharashtra, India"
Ahmadnagar,rahuri,Rahuri (M),1991,3,19.397747,74.645251,ok,"Rahuri, Ahmadnagar district, Maharashtra, India"
Ahmadnagar,sangamner,Sangamner (M),1991,3,19.603419,74.192844,ok,"Sangamner, Ahmadnagar district, Maharashtra, India"
Ahmadnagar,shirdi,Shirdi (M),1991,3,19.766812,74.475439,fallback,"Shirdi, Maharashtra, India"
Ahmadnagar,shrigonda,Shrigonda (M),1991,3,18.588411,74.625431,ok,"Shrigonda, Ahmadnagar district, Maharashtra, India"
Ahmadnagar,shrirampur,Shrirampur (M),1991,3,19.620687,74.688651,ok,"Shrirampur, Ahmadnagar district, Maharashtra, India"
Ahmadnagar,shrirampur (r),Shrirampur (R) (Ct),1991,1,19.619971,74.654694,fallback,"Shrirampur (R), Maharashtra, India"
Ahmadnagar,wari,Wari (Ct),1991,1,19.095376,74.755492,ok_photon,"Wari, Ahmadnagar district, Maharashtra, India"
Ahmadnagar,ghulewadi,Ghulewadi (Ct),2001,2,19.601555,74.193456,fallback,"Ghulewadi, Maharashtra, India"
Ahmadnagar,singnapur,Singnapur (Ct),2001,1,19.903172,74.506384,ok,"Singnapur, Ahmadnagar district, Maharashtra, India"
Ahmadnagar,shrirampur (rural),Shrirampur (Rural) (Ct),2001,1,19.620687,74.688651,ok,"Shrirampur, Ahmadnagar district, Maharashtra, India"
Ahmadnagar,nagapur,Nagapur (Ct),2001,2,19.163563,74.703303,ok,"Nagapur, Ahmadnagar district, Maharashtra, India"
Ahmadnagar,nagardeole,Nagardeole (Ct),2001,2,19.095376,74.755492,ok_photon,"Nagardeole, Ahmadnagar district, Maharashtra, India"
Ahmadnagar,bhingar,Bhingar (Ct),2001,1,19.096688,74.764793,fallback,"Bhingar, Maharashtra, India"
Ahmadnagar,deolali pravara,Deolali Pravara (M Cl),2001,2,19.475724,74.620833,ok,"Deolali Pravara, Ahmadnagar district, Maharashtra, India"
Ahmadnagar,jamkhed,Jamkhed (Ct),2001,2,18.734242,75.313997,ok,"Jamkhed, Ahmadnagar district, Maharashtra, India"
Ahmadnagar,rajur,Rajur (Ct),2011,1,19.522742,73.864919,ok,"Rajur, Ahmadnagar district, Maharashtra, India"
Ahmadnagar,darewadi,Darewadi (Ct),2011,1,19.062039,74.76972,ok,"Darewadi, Ahmadnagar district, Maharashtra, India"
Ahmadnagar,karjat,Karjat (Ct),2011,1,18.545107,75.005275,ok,"Karjat, Ahmadnagar district, Maharashtra, India"
Akola,akola,Akola (M),1991,3,20.71166,77.002632,ok,"Akola, Akola district, Maharashtra, India"
Akola,akot,Akot (M),1991,3,21.047461,77.055276,ok,"Akot, Akola district, Maharashtra, India"
Akola,balapur,Balapur (M),1991,3,20.732696,76.836328,ok,"Balapur, Akola district, Maharashtra, India"
Akola,karanja,Karanja (M),1991,1,20.856736,76.815284,ok,"Karanja, Akola district, Maharashtra, India"
Akola,mangrulpir,Mangrulpir (M),1991,1,20.275865,77.326123,fallback,"Mangrulpir, Maharashtra, India"
Akola,murtijapur,Murtijapur (M),1991,3,20.734645,77.369928,ok,"Murtijapur, Akola district, Maharashtra, India"
Akola,patur,Patur (M),1991,3,20.422946,76.863247,ok,"Patur, Akola district, Maharashtra, India"
Akola,risod,Risod (M),1991,1,20.761812,77.192116,ok_photon,"Risod, Akola district, Maharashtra, India"
Akola,telhara,Telhara (M),1991,3,21.037752,76.867132,ok,"Telhara, Akola district, Maharashtra, India"
Akola,washim,Washim (M),1991,1,20.287418,77.236965,ok_photon,"Washim, Maharashtra, India"
Akola,umri pragane balapur,Umri Pragane Balapur (Ct),2001,2,20.718772,77.030332,ok,"Umri Pragane Balapur, Akola district, Maharashtra, India"
Akola,malkapur,Malkapur (Ct),2001,2,20.682429,77.022559,ok,"Malkapur, Akola district, Maharashtra, India"
Akola,umari pr. akola,Umari Pr. Akola (Ct),2011,1,20.707182,77.024614,ok,"Umari Pr. Akola, Akola district, Maharashtra, India"
Akola,shivar,Shivar (Ct),2011,1,20.697101,77.053243,ok,"Shivar, Akola district, Maharashtra, India"
Akola,shivani,Shivani (Ct),2011,1,20.678555,77.052286,ok,"Shivani, Akola district, Maharashtra, India"
Akola,khadki bk,Khadki Bk (Ct),2011,1,20.66862,77.026332,ok,"Khadki Bk, Akola district, Maharashtra, India"
Amravati,achalpur,Achalpur (M),1991,3,21.240793,77.427797,ok,"Achalpur, Amravati district, Maharashtra, India"
Amravati,amravati,Amravati (M.Corp.),1991,3,20.931622,77.758846,ok,"Amravati, Amravati district, Maharashtra, India"
Amravati,anjangaon,Anjangaon (M),1991,3,21.163839,77.311084,ok,"Anjangaon, Amravati district, Maharashtra, India"
Amravati,chandur,Chandur (M),1991,2,20.815572,77.971959,ok,"Chandur, Amravati district, Maharashtra, India"
Amravati,chandurbazar,Chandurbazar (M),1991,3,21.26519,77.703069,ok,"Chandurbazar, Amravati district, Maharashtra, India"
Amravati,chikhaldara,Chikhaldara (M),1991,3,21.476398,77.275779,ok,"Chikhaldara, Amravati district, Maharashtra, India"
Amravati,daryapur banosa,Daryapur Banosa (M),1991,3,20.923353,77.323919,ok,"Daryapur Banosa, Amravati district, Maharashtra, India"
Amravati,dattapur dhamangaon,Dattapur Dhamangaon (M),1991,3,20.781529,78.139307,ok,"Dattapur Dhamangaon, Amravati district, Maharashtra, India"
Amravati,morshi,Morshi (M),1991,3,21.341666,78.014034,ok,"Morshi, Amravati district, Maharashtra, India"
Amravati,shendurjana,Shendurjana (M),1991,3,21.521543,78.289432,ok,"Shendurjana, Amravati district, Maharashtra, India"
Amravati,warud,Warud (M),1991,3,21.473109,78.272852,ok,"Warud, Amravati district, Maharashtra, India"
Amravati,dharni,Dharni (Ct),2011,1,21.552424,76.889193,ok,"Dharni, Amravati district, Maharashtra, India"
Amravati,chandur railway,Chandur Railway (M Cl),2011,1,20.764872,77.973035,ok,"Chandur Railway, Amravati district, Maharashtra, India"
Aurangabad,gangapur,Gangapur (M),1991,3,19.697402,75.008919,ok,"Gangapur, Aurangabad district, Maharashtra, India"
Aurangabad,kannad,Kannad (M),1991,3,20.278374,75.133241,ok,"Kannad, Aurangabad district, Maharashtra, India"
Aurangabad,khuldabad,Khuldabad (M),1991,3,20.090158,75.215838,fallback,"Khuldabad, Maharashtra, India"
Aurangabad,paithan,Paithan (M),1991,3,19.850382,75.298712,ok,"Paithan, Aurangabad district, Maharashtra, India"
Aurangabad,sillod,Sillod (M),1991,3,20.301074,75.649479,ok,"Sillod, Aurangabad district, Maharashtra, India"
Aurangabad,vaijapur,Vaijapur (M),1991,3,19.924128,74.727928,ok,"Vaijapur, Aurangabad district, Maharashtra, India"
Aurangabad,pandharpur,Pandharpur (Ct),2001,2,19.833071,75.251739,ok,"Pandharpur, Aurangabad district, Maharashtra, India"
Aurangabad,satara,Satara (Ct),2011,1,19.851523,75.311624,ok,"Satara, Aurangabad district, Maharashtra, India"
Aurangabad,anantpur,Anantpur (Ct),2011,1,19.917221,75.311995,ok_photon,"Anantpur, Aurangabad district, Maharashtra, India"
Aurangabad,harsul,Harsul (Ct),2011,1,19.916386,75.350886,ok,"Harsul, Aurangabad district, Maharashtra, India"
Aurangabad,ranjangaon (s),Ranjangaon (S) (Ct),2011,1,19.840501,75.216829,ok_photon,"Ranjangaon, Aurangabad district, Maharashtra, India"
Aurangabad,waluj bk.,Waluj Bk. (Ct),2011,1,19.845953,75.242357,fallback,"Waluj Bk., Maharashtra, India"
Aurangabad,chitegaon,Chitegaon (Ct),2011,1,20.404108,74.958386,fallback,"Chitegaon, Maharashtra, India"
Bhandara,bhandara,Bhandara (M),1991,3,21.17067,79.65658,ok,"Bhandara, Bhandara district, Maharashtra, India"
Bhandara,chikhala,Chikhala (Ct),1991,2,21.552474,79.762457,ok,"Chikhala, Bhandara district, Maharashtra, India"
Bhandara,gondiya,Gondiya (M),1991,1,21.371891,79.871424,ok_photon,"Gondiya, Bhandara district, Maharashtra, India"
Bhandara,pauni,Pauni (M),1991,3,20.792637,79.635963,ok,"Pauni, Bhandara district, Maharashtra, India"
Bhandara,sitasawangi,Sitasawangi (Ct),1991,1,21.531746,79.747871,ok,"Sitasawangi, Bhandara district, Maharashtra, India"
Bhandara,tirora,Tirora (M),1991,1,21.414012,79.916611,ok,"Tirora, Bhandara district, Maharashtra, India"
Bhandara,tumsar,Tumsar (M),1991,3,21.38204,79.750021,ok,"Tumsar, Bhandara district, Maharashtra, India"
Bhandara,warthi,Warthi (Ct),1991,2,21.236682,79.644993,ok,"Warthi, Bhandara district, Maharashtra, India"
Bhandara,dewhadi,Dewhadi (Ct),2001,1,21.341987,79.752803,ok,"Dewhadi, Bhandara district, Maharashtra, India"
Bhandara,ganeshpur,Ganeshpur (Ct),2001,2,21.151242,79.643298,ok,"Ganeshpur, Bhandara district, Maharashtra, India"
Bhandara,thana,Thana (Ct),2011,1,20.842843,79.738586,ok,"Thana, Bhandara district, Maharashtra, India"
Bhandara,shahapur,Shahapur (Ct),2011,1,21.154922,79.57082,ok,"Shahapur, Bhandara district, Maharashtra, India"
Bhandara,bela,Bela (Ct),2011,1,21.155245,79.618555,ok,"Bela, Bhandara district, Maharashtra, India"
Bhandara,sakoli,Sakoli (Ct),2011,1,21.087443,79.997425,ok,"Sakoli, Bhandara district, Maharashtra, India"
Bhandara,murmadi,Murmadi (Ct),2011,1,20.938757,79.830328,ok,"Murmadi, Bhandara district, Maharashtra, India"
Bid,ambejogai,Ambejogai (M),1991,3,18.704861,76.420276,fallback,"Ambejogai, Maharashtra, India"
Bid,ashti,Ashti (Ct),1991,2,18.887488,75.065502,fallback,"Ashti, Maharashtra, India"
Bid,bid,Bid (M),1991,3,18.986916,75.753321,ok_photon,"Beed, Bid district, Maharashtra, India"
Bid,dharur,Dharur (M),1991,3,18.820432,76.113733,fallback,"Dharur, Maharashtra, India"
Bid,georai,Georai (M),1991,3,19.26214,75.739602,fallback,"Georai, Maharashtra, India"
Bid,parli,Parli (M),1991,3,18.848563,76.529712,fallback,"Parli, Maharashtra, India"
Bid,bid (rural),Bid (Rural) (Ct),2011,1,18.986916,75.753321,ok_photon,"Beed, Bid district, Maharashtra, India"
Bid,kaij,Kaij (Np),2011,1,18.714118,76.065161,fallback,"Kaij, Maharashtra, India"
Buldana,buldana,Buldana (M),1991,3,20.53208,76.179911,ok,"Buldana, Buldana district, Maharashtra, India"
Buldana,chikhli,Chikhli (M),1991,3,20.349113,76.252499,ok,"Chikhli, Buldana district, Maharashtra, India"
Buldana,deulgaon raja,Deulgaon Raja (M),1991,3,20.071673,76.158805,ok,"Deulgaon Raja, Buldana district, Maharashtra, India"
Buldana,jalgaon (jamod),Jalgaon (Jamod) (M),1991,3,21.059657,76.495452,ok,"Jalgaon (Jamod), Buldana district, Maharashtra, India"
Buldana,khamgaon,Khamgaon (M),1991,3,20.650224,76.559187,ok,"Khamgaon, Buldana district, Maharashtra, India"
Buldana,lonar,Lonar (M),1991,3,19.983092,76.491145,ok,"Lonar, Buldana district, Maharashtra, India"
Buldana,malkapur,Malkapur (M),1991,3,20.891958,76.204035,ok,"Malkapur, Buldana district, Maharashtra, India"
Buldana,mehkar,Mehkar (M),1991,3,20.254699,76.633266,ok,"Mehkar, Buldana district, Maharashtra, India"
Buldana,nandura,Nandura (M),1991,3,20.838569,76.460307,ok,"Nandura, Buldana district, Maharashtra, India"
Buldana,shegaon,Shegaon (M),1991,3,20.800751,76.690526,ok,"Shegaon, Buldana district, Maharashtra, India"
Buldana,sindkhed raja,Sindkhed Raja (M),1991,3,20.056607,76.389032,ok,"Sindkhed Raja, Buldana district, Maharashtra, India"
Buldana,nandura (m cl + og),Nandura (M Cl + Og),2011,1,20.838569,76.460307,ok,"Nandura, Buldana district, Maharashtra, India"
Chandrapur,ballarpur,Ballarpur (M),1991,3,19.856841,79.348025,ok,"Ballarpur, Chandrapur district, Maharashtra, India"
Chandrapur,bhadravati,Bhadravati (Ct),1991,3,20.106459,79.115706,ok,"Bhadravati, Chandrapur district, Maharashtra, India"
Chandrapur,brahmapuri,Brahmapuri (M),1991,3,20.604033,79.868277,ok,"Brahmapuri, Chandrapur district, Maharashtra, India"
Chandrapur,chandrapur,Chandrapur (M),1991,3,19.950816,79.298667,ok,"Chandrapur, Chandrapur district, Maharashtra, India"
Chandrapur,ghugus,Ghugus (Ct),1991,3,19.943358,79.11997,ok,"Ghugus, Chandrapur district, Maharashtra, India"
Chandrapur,mul,Mul (M),1991,3,20.065122,79.676728,ok,"Mul, Chandrapur district, Maharashtra, India"
Chandrapur,nakoda,Nakoda (Ct),1991,3,19.91459,79.105277,ok,"Nakoda, Chandrapur district, Maharashtra, India"
Chandrapur,rajura,Rajura (M),1991,3,19.779281,79.365727,ok,"Rajura, Chandrapur district, Maharashtra, India"
Chandrapur,sasti,Sasti (Ct),1991,3,19.817542,79.330291,ok,"Sasti, Chandrapur district, Maharashtra, India"
Chandrapur,shivajinagar,Shivajinagar (Ct),1991,1,20.623511,79.842471,ok,"Shivajinagar, Chandrapur district, Maharashtra, India"
Chandrapur,visapur,Visapur (Ct),1991,2,19.884085,79.3269,ok,"Visapur, Chandrapur district, Maharashtra, India"
Chandrapur,warora,Warora (M),1991,3,20.234296,79.00275,ok,"Warora, Chandrapur district, Maharashtra, India"
Chandrapur,shivaji nagar,Shivaji Nagar (Ct),2001,2,20.623511,79.842471,ok_photon,"Shivajinagar, Chandrapur district, Maharashtra, India"
Chandrapur,durgapur,Durgapur (Ct),2001,2,20.016334,79.320793,ok,"Durgapur, Chandrapur district, Maharashtra, India"
Chandrapur,chandur,Chandur (Ct),2001,2,19.950816,79.298667,ok_photon,"Chandur, Chandrapur district, Maharashtra, India"
Chandrapur,tadali,Tadali (Ct),2011,1,20.030567,79.194581,ok,"Tadali, Chandrapur district, Maharashtra, India"
Chandrapur,padoli,Padoli (Ct),2011,1,19.999395,79.248536,ok,"Padoli, Chandrapur district, Maharashtra, India"
Chandrapur,nandgaon pode,Nandgaon Pode (Ct),2011,1,19.900787,79.304788,ok,"Nandgaon Pode, Chandrapur district, Maharashtra, India"
Chandrapur,awalpur,Awalpur (Ct),2011,1,19.792983,79.129565,ok,"Awalpur, Chandrapur district, Maharashtra, India"
Chandrapur,nanda,Nanda (Ct),2011,1,20.436122,79.397721,ok_photon,"Nanda, Chandrapur, Maharashtra, India"
Chandrapur,dhopatala,Dhopatala (Ct),2011,1,19.801695,79.342318,ok,"Dhopatala, Chandrapur district, Maharashtra, India"
Chandrapur,gondpipri,Gondpipri (Ct),2011,1,19.717482,79.686672,ok,"Gondpipri, Chandrapur district, Maharashtra, India"
Dhule,akkalkuwa,Akkalkuwa (Ct),1991,1,21.700568,74.00019,ok_photon,"Akkalkuwa, Dhule district, Maharashtra, India"
Dhule,dhule,Dhule (M),1991,3,20.898,74.7732,ok,"Dhule, Dhule district, Maharashtra, India"
Dhule,dondaicha,Dondaicha (M),1991,1,21.331264,74.562868,ok,"Dondaicha, Dhule district, Maharashtra, India"
Dhule,nandurbar,Nandurbar (M),1991,1,21.311845,74.692569,ok,"Nandurbar, Dhule district, Maharashtra, India"
Dhule,shahade,Shahade (M),1991,1,21.130522,74.490061,ok_photon,"Shahada, Dhule district, Maharashtra, India"
Dhule,shirpur,Shirpur (M),1991,1,21.352771,74.884184,ok,"Shirpur, Dhule district, Maharashtra, India"
Dhule,nijampur,Nijampur (Ct),2011,1,21.113775,74.330581,ok,"Nijampur, Dhule district, Maharashtra, India"
Dhule,sakri,Sakri (Ct),2011,1,20.991083,74.315439,ok,"Sakri, Dhule district, Maharashtra, India"
Dhule,walwadi,Walwadi (Ct),2011,1,21.130522,74.490061,ok_photon,"Walwadi, Dhule district, Maharashtra, India"
Dhule,mahindale,Mahindale (Ct),2011,1,20.717163,75.163661,fallback,"Mahindale, Maharashtra, India"
Dhule,awadhan,Awadhan (Ct),2011,1,20.847462,74.765847,ok,"Awadhan, Dhule district, Maharashtra, India"
Gadchiroli,desaiganj,Desaiganj (M Cl),2001,2,20.62377,79.962602,ok,"Desaiganj, Gadchiroli district, Maharashtra, India"
Gadchiroli,gadchiroli,Gadchiroli (M Cl),2001,2,20.185396,80.003509,ok,"Gadchiroli, Gadchiroli district, Maharashtra, India"
Gadchiroli,kurkheda,Kurkheda (Ct),2011,1,20.22753,80.141101,ok,"Kurkheda, Gadchiroli district, Maharashtra, India"
Gadchiroli,ashti,Ashti (Ct),2011,1,19.681202,79.799151,ok,"Ashti, Gadchiroli district, Maharashtra, India"
Gadchiroli,aheri,Aheri (Ct),2011,1,19.413176,80.003997,ok,"Aheri, Gadchiroli district, Maharashtra, India"
Gondiya,tirora,Tirora (M Cl),2001,2,21.406614,79.928673,ok,"Tirora, Gondiya district, Maharashtra, India"
Gondiya,gondiya,Gondiya (M Cl),2001,2,21.505296,80.189935,ok,"Gondiya, Gondiya district, Maharashtra, India"
Gondiya,kudwa,Kudwa (Ct),2011,1,21.476665,80.184534,ok,"Kudwa, Gondiya district, Maharashtra, India"
Gondiya,katangi kala,Katangi Kala (Ct),2011,1,21.484299,80.203795,ok,"Katangi Kala, Gondiya district, Maharashtra, India"
Gondiya,fulchur,Fulchur (Ct),2011,1,21.435282,80.208632,ok,"Fulchur, Gondiya district, Maharashtra, India"
Gondiya,khamari,Khamari (Ct),2011,1,21.383233,79.986606,ok,"Khamari, Gondiya district, Maharashtra, India"
Gondiya,amgaon bk.,Amgaon Bk. (Ct),2011,1,21.373321,80.382389,ok,"Amgaon Bk., Gondiya district, Maharashtra, India"
Gondiya,amgaon kh.,Amgaon Kh. (Ct),2011,1,21.373321,80.382389,ok,"Amgaon Kh., Gondiya district, Maharashtra, India"
Gondiya,deori,Deori (Ct),2011,1,21.072287,80.366631,ok,"Deori, Gondiya district, Maharashtra, India"
Hingoli,hingoli,Hingoli (M Cl),2001,2,19.803512,77.17926,ok,"Hingoli, Hingoli district, Maharashtra, India"
Hingoli,kalamnuri,Kalamnuri (M Cl),2001,2,19.572346,77.347495,ok,"Kalamnuri, Hingoli district, Maharashtra, India"
Hingoli,basmath,Basmath (M Cl),2001,2,19.312161,77.106881,ok,"Basmath, Hingoli district, Maharashtra, India"
Hingoli,babhulgaon,Babhulgaon (Ct),2001,1,19.858526,77.022695,ok,"Babhulgaon, Hingoli district, Maharashtra, India"
Ahmadnagar,ahmadnagar,Ahmadnagar (Cantt.),1991,6,19.095376,74.755492,ok_photon,"Ahmadnagar, Ahmadnagar district, Maharashtra, India"
Ahmadnagar,rahta pimplas,Rahta Pimplas (M),1991,3,19.708142,74.47973,ok_photon,"Rahta Pimplas, Ahmadnagar district, Maharashtra, India"
Ahmadnagar,burhanagar,Burhanagar (Ct),2011,1,19.095376,74.755492,ok_photon,"Burhanagar, Ahmadnagar district, Maharashtra, India"
Aurangabad,aurangabad,Aurangabad (Cantt.),1991,6,19.86437,75.402442,ok_photon,"Chhatrapati Sambhajinagar, Aurangabad district, Maharashtra, India"
Aurangabad,wadgaon kolhati,Wadgaon Kolhati (Ct),2011,1,19.823767,74.743198,ok_photon,"Wadgaon Kolhati, Aurangabad district, Maharashtra, India"
Bhandara,sawari jawharnagar,Sawari Jawharnagar (Ct),2001,2,21.114854,79.543014,ok_photon,"Sawari Jawharnagar, Bhandara district, Maharashtra, India"
Bid,manjlegaon,Manjlegaon (M),1991,3,19.155131,76.209919,ok_photon,"Majalgaon, Bid district, Maharashtra, India"
Buldana,sundarkhed,Sundarkhed (Ct),2011,1,20.544904,76.197184,ok_photon,"Sundarkhed, Buldana district, Maharashtra, India"
Chandrapur,kondumal,Kondumal (Ct),2001,2,19.964842,79.291473,ok_photon,"Kondumal, Chandrapur district, Maharashtra, India"
Chandrapur,urjanagar,Urjanagar (Ct),2011,1,19.964842,79.291473,ok_photon,"Urjanagar, Chandrapur district, Maharashtra, India"
Dhule,nawapur,Nawapur (M),1991,1,21.130522,74.490061,ok_photon,"Navapur, Dhule district, Maharashtra, India"
Dhule,talode,Talode (M),1991,1,21.130522,74.490061,ok_photon,"Taloda, Dhule district, Maharashtra, India"
Dhule,shirpur-warwade,Shirpur-Warwade (M Cl),2001,2,21.411028,74.94059,ok_photon,"Shirpur, Dhule district, Maharashtra, India"
Dhule,dondaicha-warwade,Dondaicha-Warwade(M Cl),2001,2,21.331264,74.562868,ok_photon,"Dondaicha, Dhule district, Maharashtra, India"
Gadchiroli,sironcha ry.,Sironcha Ry. (Ct),2011,1,18.913895,80.126095,ok_photon,"Sironcha, Gadchiroli district, Maharashtra, India"
Gondiya,risama,Risama (Ct),2011,1,21.145629,80.268387,ok_photon,"Risama, Gondiya, Maharashtra, India"
Jalgaon,amalner,Amalner (M),1991,3,21.049319,75.057339,ok,"Amalner, Jalgaon district, Maharashtra, India"
Jalgaon,bhusawal,Bhusawal (M),1991,3,21.04572,75.780808,ok,"Bhusawal, Jalgaon district, Maharashtra, India"
Jalgaon,chalisgaon,Chalisgaon (M),1991,3,20.502366,74.96557,ok,"Chalisgaon, Jalgaon district, Maharashtra, India"
Jalgaon,chopda,Chopda (M),1991,3,21.247186,75.298956,ok,"Chopda, Jalgaon district, Maharashtra, India"
Jalgaon,dharangaon,Dharangaon (M),1991,3,21.006188,75.286334,ok,"Dharangaon, Jalgaon district, Maharashtra, India"
Jalgaon,erandol,Erandol (M),1991,2,20.867354,75.352015,ok,"Erandol, Jalgaon district, Maharashtra, India"
Jalgaon,faizpur,Faizpur (M),1991,3,21.163708,75.855981,ok,"Faizpur, Jalgaon district, Maharashtra, India"
Jalgaon,fekari,Fekari (Ct),1991,1,21.041361,75.836136,ok,"Fekari, Jalgaon district, Maharashtra, India"
Jalgaon,jalgaon,Jalgaon (M),1991,3,21.01007,75.5696,ok,"Jalgaon, Jalgaon district, Maharashtra, India"
Jalgaon,kandari,Kandari (Ct),1991,3,20.91739,75.691638,ok,"Kandari, Jalgaon district, Maharashtra, India"
Jalgaon,nimbhore bk.,Nimbhore Bk. (Ct),1991,1,21.165593,75.96576,ok,"Nimbhore Bk., Jalgaon district, Maharashtra, India"
Jalgaon,pachora,Pachora (M),1991,3,20.656258,75.401109,ok,"Pachora, Jalgaon district, Maharashtra, India"
Jalgaon,parola,Parola (M),1991,3,20.831309,75.114918,ok,"Parola, Jalgaon district, Maharashtra, India"
Jalgaon,raver,Raver (M),1991,3,21.222231,76.044418,ok,"Raver, Jalgaon district, Maharashtra, India"
Jalgaon,savda,Savda (M),1991,3,21.150809,75.888523,ok,"Savda, Jalgaon district, Maharashtra, India"
Jalgaon,varangaon,Varangaon (Ct),1991,2,21.010478,75.901322,ok,"Varangaon, Jalgaon district, Maharashtra, India"
Jalgaon,yawal,Yawal (M),1991,3,21.226002,75.695082,ok,"Yawal, Jalgaon district, Maharashtra, India"
Jalgaon,nimbhore budruk,Nimbhore Budruk (Ct),2001,2,21.141234,75.091116,ok_photon,"Nimbhore Budruk, Jalgaon district, Maharashtra, India"
Jalgaon,erandol (mc),Erandol (Mc),2001,1,20.867354,75.352015,ok,"Erandol, Jalgaon district, Maharashtra, India"
Jalgaon,bhadgaon,Bhadgaon (M Cl),2011,1,20.660253,75.130494,ok,"Bhadgaon, Jalgaon district, Maharashtra, India"
Jalgaon,takali pr. chalisgaon,Takali Pr. Chalisgaon (Ct),2011,1,20.387555,74.948881,ok_photon,"Takali Pr. Chalisgaon, Jalgaon district, Maharashtra, India"
Jalgaon,pachora (rural),Pachora (Rural) (Ct),2011,1,20.656258,75.401109,ok,"Pachora, Jalgaon district, Maharashtra, India"
Jalgaon,jamner,Jamner (M Cl),2011,1,20.732285,75.802434,ok,"Jamner, Jalgaon district, Maharashtra, India"
Jalna,ambad,Ambad (M),1991,3,19.614586,75.794673,ok,"Ambad, Jalna district, Maharashtra, India"
Jalna,bhokardan,Bhokardan (M),1991,3,20.292832,75.804016,ok,"Bhokardan, Jalna district, Maharashtra, India"
Jalna,jalna,Jalna (M),1991,3,19.831823,75.890934,ok,"Jalna, Jalna district, Maharashtra, India"
Jalna,partur,Partur (M),1991,3,19.488276,76.260698,ok,"Partur, Jalna district, Maharashtra, India"
Kolhapur,gadhinglaj,Gadhinglaj (M),1991,3,16.140901,74.403693,ok,"Gadhinglaj, Kolhapur district, Maharashtra, India"
Kolhapur,gandhinagar,Gandhinagar (Ct),1991,3,16.222004,74.345218,ok,"Gandhinagar, Kolhapur district, Maharashtra, India"
Kolhapur,ichalkarnji,Ichalkarnji (M),1991,1,16.695935,74.455575,ok_photon,"Ichalkaranji, Kolhapur district, Maharashtra, India"
Kolhapur,jaysingpur,Jaysingpur (M),1991,3,16.778989,74.556424,ok,"Jaysingpur, Kolhapur district, Maharashtra, India"
Kolhapur,kabnur,Kabnur (Ct),1991,3,16.702278,74.440568,ok,"Kabnur, Kolhapur district, Maharashtra, India"
Kolhapur,kagal,Kagal (M),1991,3,16.575089,74.315257,ok,"Kagal, Kolhapur district, Maharashtra, India"
Kolhapur,kolhapur,Kolhapur (M.Corp.),1991,3,16.702841,74.240533,ok,"Kolhapur, Kolhapur district, Maharashtra, India"
Kolhapur,kurundvad,Kurundvad (M),1991,3,16.681097,74.591544,ok_photon,"Kurundwad, Kolhapur district, Maharashtra, India"
Kolhapur,malkapur,Malkapur (M),1991,3,16.918101,73.933192,ok,"Malkapur, Kolhapur district, Maharashtra, India"
Kolhapur,murgad,Murgad (M),1991,1,16.394064,74.19071,ok_photon,"Murgud, Kolhapur district, Maharashtra, India"
Kolhapur,panhala,Panhala (M),1991,3,16.806683,74.112598,ok,"Panhala, Kolhapur district, Maharashtra, India"
Kolhapur,vadgaon kasba,Vadgaon Kasba (M),1991,3,16.835267,74.315172,ok,"Vadgaon Kasba, Kolhapur district, Maharashtra, India"
Kolhapur,korochi,Korochi (Ct),2001,2,16.719127,74.442794,ok,"Korochi, Kolhapur district, Maharashtra, India"
Kolhapur,ichalkaranji,Ichalkaranji (M Cl),2001,2,16.695935,74.455575,ok,"Ichalkaranji, Kolhapur district, Maharashtra, India"
Kolhapur,hupari,Hupari (Ct),2001,2,16.61759,74.406739,ok,"Hupari, Kolhapur district, Maharashtra, India"
Kolhapur,uchgaon,Uchgaon (Ct),2001,2,16.696991,74.27496,ok,"Uchgaon, Kolhapur district, Maharashtra, India"
Kolhapur,pachgaon,Pachgaon (Ct),2001,2,16.663053,74.226393,ok,"Pachgaon, Kolhapur district, Maharashtra, India"
Kolhapur,kalambe turf thane,Kalambe Turf Thane (Ct),2001,1,16.705885,74.094476,ok_photon,"Kalambe Turf Thane, Kolhapur district, Maharashtra, India"
Kolhapur,murgud,Murgud (M Cl),2001,2,16.394064,74.19071,ok,"Murgud, Kolhapur district, Maharashtra, India"
Kolhapur,ajra,Ajra (Ct),2001,2,16.157717,74.188142,ok,"Ajra, Kolhapur district, Maharashtra, India"
Kolhapur,wadi ratnagiri,Wadi Ratnagiri (Ct),2011,1,16.797836,74.177528,ok,"Wadi Ratnagiri, Kolhapur district, Maharashtra, India"
Kolhapur,ujalaiwadi,Ujalaiwadi (Ct),2011,1,16.664628,74.270691,ok,"Ujalaiwadi, Kolhapur district, Maharashtra, India"
Kolhapur,morewadi,Morewadi (Ct),2011,1,16.69562,74.059728,ok,"Morewadi, Kolhapur district, Maharashtra, India"
Kolhapur,gokul shirgaon,Gokul Shirgaon (Ct),2011,1,16.64355,74.290895,ok,"Gokul Shirgaon, Kolhapur district, Maharashtra, India"
Kolhapur,tamgaon,Tamgaon (Ct),2011,1,16.65389,74.283846,ok,"Tamgaon, Kolhapur district, Maharashtra, India"
Kolhapur,kalambe t. thane,Kalambe T. Thane (Ct),2011,1,16.705885,74.094476,ok_photon,"Kalambe T. Thane, Kolhapur district, Maharashtra, India"
Latur,ahmadpur,Ahmadpur (M),1991,3,18.706124,76.937731,ok,"Ahmadpur, Latur district, Maharashtra, India"
Latur,ausa,Ausa (M),1991,3,18.251024,76.500958,ok,"Ausa, Latur district, Maharashtra, India"
Latur,latur,Latur (M),1991,3,18.398227,76.562591,ok,"Latur, Latur district, Maharashtra, India"
Latur,nilanga,Nilanga (M),1991,3,18.083767,76.799229,ok,"Nilanga, Latur district, Maharashtra, India"
Latur,udgir,Udgir (M),1991,3,18.392135,77.119612,ok,"Udgir, Latur district, Maharashtra, India"
Latur,arvi,Arvi (Ct),2011,1,18.355335,76.7549,ok_photon,"Arvi, Latur district, Maharashtra, India"
Latur,nideban,Nideban (Ct),2011,1,18.355335,76.7549,ok_photon,"Nideban, Latur district, Maharashtra, India"
Mumbai,greater mumbai (m corp.),Greater Mumbai (M Corp.) (Part),2001,2,18.940696,72.834017,ok_photon,"Greater Mumbai, Mumbai district, Maharashtra, India"
Mumbai Suburban,greater mumbai (m corp.),Greater Mumbai (M Corp.) (Part),2001,2,19.107489,72.87187,ok_photon,"Greater Mumbai, Mumbai Suburban district, Maharashtra, India"
Nagpur,chicholi,Chicholi (Ct),1991,3,21.297042,79.048626,ok,"Chicholi, Nagpur district, Maharashtra, India"
Nagpur,digdoh,Digdoh (Ct),1991,3,21.110166,79.018537,ok,"Digdoh, Nagpur district, Maharashtra, India"
Nagpur,kalameshwar,Kalameshwar (M),1991,3,21.26542,78.878818,ok,"Kalameshwar, Nagpur district, Maharashtra, India"
Nagpur,kamptee,Kamptee (Cantt.),1991,6,21.217064,79.196418,ok_photon,"Kamptee, Nagpur district, Maharashtra, India"
Nagpur,kandri,Kandri (Ct),1991,5,21.420523,79.27641,ok,"Kandri, Nagpur district, Maharashtra, India"
Nagpur,kanhan (pipri),Kanhan (Pipri) (Ct),1991,3,21.323677,79.435529,ok_photon,"Kanhan, Nagpur district, Maharashtra, India"
Nagpur,katol,Katol (M),1991,3,21.275182,78.58657,ok,"Katol, Nagpur district, Maharashtra, India"
Nagpur,khapa,Khapa (M),1991,3,21.30002,79.062048,ok,"Khapa, Nagpur district, Maharashtra, India"
Nagpur,koradi,Koradi (Ct),1991,2,21.241446,79.102775,ok,"Koradi, Nagpur district, Maharashtra, India"
Nagpur,mahadula,Mahadula (Ct),1991,3,21.155288,79.496189,ok,"Mahadula, Nagpur district, Maharashtra, India"
Nagpur,mohpa,Mohpa (M),1991,3,20.80352,79.292793,ok,"Mohpa, Nagpur district, Maharashtra, India"
Nagpur,mowad,Mowad (M),1991,3,21.465211,78.450193,ok,"Mowad, Nagpur district, Maharashtra, India"
Nagpur,nagpur,Nagpur (M.Corp.),1991,3,21.149813,79.082056,ok,"Nagpur, Nagpur district, Maharashtra, India"
Nagpur,narkhed,Narkhed (M),1991,3,21.471322,78.533717,ok,"Narkhed, Nagpur district, Maharashtra, India"
Nagpur,ramtek,Ramtek (M),1991,3,21.395752,79.325747,ok,"Ramtek, Nagpur district, Maharashtra, India"
Nagpur,savner,Savner (M),1991,3,21.432048,78.887638,ok,"Savner, Nagpur district, Maharashtra, India"
Nagpur,sillewada,Sillewada (Ct),1991,3,21.149813,79.082056,ok_photon,"Sillewada, Nagpur, Maharashtra, India"
Nagpur,tekadi,Tekadi (Ct),1991,3,21.577787,78.947831,ok,"Tekadi, Nagpur district, Maharashtra, India"
Nagpur,totaladoh,Totaladoh (Ct),1991,2,21.658707,79.23205,ok_photon,"Totaladoh, Nagpur district, Maharashtra, India"
Nagpur,umred,Umred (M),1991,3,20.847337,79.32476,ok,"Umred, Nagpur district, Maharashtra, India"
Nagpur,wadi,Wadi (Ct),1991,3,21.149139,78.977706,ok,"Wadi, Nagpur district, Maharashtra, India"
Nagpur,walani,Walani (Ct),1991,3,21.261691,78.976003,ok,"Walani, Nagpur district, Maharashtra, India"
Nagpur,mansar,Mansar (Ct),2001,1,21.396715,79.262715,ok,"Mansar, Nagpur district, Maharashtra, India"
Nagpur,yerkheda,Yerkheda (Ct),2001,2,20.565818,79.393558,fallback,"Yerkheda, Maharashtra, India"
Nagpur,davlameti,Davlameti (Ct),2001,2,21.149813,79.082056,ok_photon,"Davlameti, Nagpur, Maharashtra, India"
Nagpur,sonegaon (nipani),Sonegaon (Nipani) (Ct),2001,2,21.100373,79.052343,ok_photon,"Sonegaon, Nagpur district, Maharashtra, India"
Nagpur,wanadongri,Wanadongri (Ct),2001,2,21.096573,78.966266,ok,"Wanadongri, Nagpur district, Maharashtra, India"
Nagpur,nildoh,Nildoh (Ct),2001,2,21.113295,79.001348,ok,"Nildoh, Nagpur district, Maharashtra, India"
Nagpur,bamhni,Bamhni (Ct),2011,1,20.922678,79.364628,ok,"Bamhni, Nagpur district, Maharashtra, India"
Nagpur,waghoda,Waghoda (Ct),2011,1,21.226722,78.579122,ok,"Waghoda, Nagpur district, Maharashtra, India"
Nagpur,chandkapur,Chandkapur (Ct),2011,1,21.149813,79.082056,ok_photon,"Chandkapur, Nagpur, Maharashtra, India"
Nagpur,mouda,Mouda (Ct),2011,1,21.147604,79.413814,ok,"Mouda, Nagpur district, Maharashtra, India"
Nagpur,bhokara,Bhokara (Ct),2011,1,21.149813,79.082056,ok_photon,"Bhokar, Nagpur, Maharashtra, India"
Nagpur,narsala,Narsala (Ct),2011,1,21.429181,78.850905,ok,"Narsala, Nagpur district, Maharashtra, India"
Nagpur,hudkeshwar bk.,Hudkeshwar Bk. (Ct),2011,1,21.110221,79.117314,ok,"Hudkeshwar Bk., Nagpur district, Maharashtra, India"
Nagpur,borkhedi,Borkhedi (Ct),2011,1,20.860797,78.970295,ok,"Borkhedi, Nagpur district, Maharashtra, India"
Nagpur,bori,Bori (Ct),2011,1,21.207219,79.303651,ok,"Bori, Nagpur district, Maharashtra, India"
Nagpur,waddhamana,Waddhamana (Ct),2011,1,21.149813,79.082056,ok_photon,"Waddhamana, Nagpur, Maharashtra, India"
Nagpur,nagalwadi,Nagalwadi (Ct),2011,1,21.573778,79.016617,ok,"Nagalwadi, Nagpur district, Maharashtra, India"
Nagpur,isasani,Isasani (Ct),2011,1,21.149813,79.082056,ok_photon,"Isasani, Nagpur, Maharashtra, India"
Nagpur,takalghat,Takalghat (Ct),2011,1,20.914684,78.945748,ok,"Takalghat, Nagpur district, Maharashtra, India"
Nanded,biloli,Biloli (M),1991,3,18.765284,77.696833,ok,"Biloli, Nanded district, Maharashtra, India"
Nanded,deglur,Deglur (M),1991,3,18.467756,77.499883,ok,"Deglur, Nanded district, Maharashtra, India"
Nanded,dharmabad,Dharmabad (M),1991,3,18.921679,77.762348,ok,"Dharmabad, Nanded district, Maharashtra, India"
Nanded,hadgaon,Hadgaon (M),1991,3,19.478617,77.606804,ok,"Hadgaon, Nanded district, Maharashtra, India"
Nanded,kandhar,Kandhar (M),1991,3,18.842451,77.251067,ok,"Kandhar, Nanded district, Maharashtra, India"
Nanded,kinwat,Kinwat (M),1991,3,19.577469,78.244009,ok,"Kinwat, Nanded district, Maharashtra, India"
Nanded,kundalwadi,Kundalwadi (M),1991,3,18.809181,77.76516,ok,"Kundalwadi, Nanded district, Maharashtra, India"
Nanded,loha,Loha (M),1991,3,18.936084,77.101549,ok,"Loha, Nanded district, Maharashtra, India"
Nanded,mudkhed,Mudkhed (M),1991,3,19.13935,77.501393,ok,"Mudkhed, Nanded district, Maharashtra, India"
Nanded,mukhed,Mukhed (M),1991,3,18.575365,77.383925,ok,"Mukhed, Nanded district, Maharashtra, India"
Nanded,nanded,Nanded (M),1991,1,19.172572,77.291412,ok,"Nanded, Nanded district, Maharashtra, India"
Nanded,pethumri,Pethumri (M),1991,1,19.889295,78.17766,ok_photon,"Pathri, Nanded district, Maharashtra, India"
Nanded,waghala,Waghala (M),1991,1,19.035421,77.690683,ok,"Waghala, Nanded district, Maharashtra, India"
Nanded,wajegaon,Wajegaon (Ct),2001,2,19.094009,77.483192,ok_photon,"Wajegaon, Nanded district, Maharashtra, India"
Nanded,nanded-waghala,Nanded-Waghala (M Corp.),2001,1,19.169335,77.311013,ok,"Nanded-Waghala, Nanded district, Maharashtra, India"
Nanded,peth umri,Peth Umri (M Cl),2001,2,19.039759,77.645905,ok,"Peth Umri, Nanded district, Maharashtra, India"
Nanded,gokunda,Gokunda (Ct),2011,1,19.604653,78.208255,ok,"Gokunda, Nanded district, Maharashtra, India"
Nanded,nanded waghala,Nanded Waghala (M Corp.),2011,1,19.169335,77.311013,ok,"Nanded Waghala, Nanded district, Maharashtra, India"
Nanded,dhanegaon,Dhanegaon (Ct),2011,1,19.094009,77.483192,ok_photon,"Dhanegaon, Nanded district, Maharashtra, India"
Nanded,balirampur,Balirampur (Ct),2011,1,19.094009,77.483192,ok_photon,"Balirampur, Nanded district, Maharashtra, India"
Nanded,bhokar,Bhokar (M Cl),2011,1,19.194825,77.683399,ok,"Bhokar, Nanded district, Maharashtra, India"
Nandurbar,talode,Talode (M Cl),2001,2,21.6203,74.231715,ok_photon,"Taloda, Nandurbar district, Maharashtra, India"
Nandurbar,purushottamnagar,Purushottamnagar (Ct),2001,1,21.569453,74.517174,ok,"Purushottamnagar, Nandurbar district, Maharashtra, India"
Nandurbar,shahade,Shahade (M Cl),2001,2,21.597328,74.563742,ok_photon,"Shahada, Nandurbar district, Maharashtra, India"
Nandurbar,nandurbar,Nandurbar (M Cl),2001,2,21.363778,74.241142,ok,"Nandurbar, Nandurbar district, Maharashtra, India"
Nandurbar,nawapur,Nawapur (M Cl),2001,2,21.163723,73.797192,ok_photon,"Navapur, Nandurbar district, Maharashtra, India"
Nandurbar,khapar,Khapar (Ct),2011,1,21.53437,73.931027,ok,"Khapar, Nandurbar district, Maharashtra, India"
Nandurbar,akkalkuwa,Akkalkuwa (Ct),2011,1,21.700568,74.00019,ok,"Akkalkuwa, Nandurbar district, Maharashtra, India"
Nandurbar,makranifali,Makranifali (Ct),2011,1,21.551982,74.000001,ok,"Makranifali, Nandurbar district, Maharashtra, India"
Nandurbar,vadfalya,Vadfalya (Ct),2011,1,21.514162,74.540551,ok_photon,"Vadfalya, Nandurbar district, Maharashtra, India"
Nandurbar,khandbara,Khandbara (Ct),2011,1,21.306463,74.044907,ok,"Khandbara, Nandurbar district, Maharashtra, India"
Nashik,bhagur,Bhagur (M),1991,3,19.8753,73.833389,ok,"Bhagur, Nashik district, Maharashtra, India"
Nashik,chandvad,Chandvad (Ct),1991,2,20.327815,74.238723,ok,"Chandvad, Nashik district, Maharashtra, India"
Nashik,deolali,Deolali (Cantt.),1991,3,19.918394,73.831947,ok_photon,"Deolali, Nashik district, Maharashtra, India"
Nashik,eklahare,Eklahare (Ct),1991,3,20.798877,74.225024,ok_arcgis,"Eklahare, Nashik district, Maharashtra, India"
Nashik,ghoti bk.,Ghoti Bk. (Ct),1991,2,19.716776,73.624474,ok,"Ghoti Bk., Nashik district, Maharashtra, India"
Nashik,igatpuri,Igatpuri (M),1991,3,19.694439,73.563888,ok,"Igatpuri, Nashik district, Maharashtra, India"
Nashik,lasalgaon,Lasalgaon (Ct),1991,3,20.142684,74.237751,ok,"Lasalgaon, Nashik district, Maharashtra, India"
Nashik,malegaon,Malegaon (M),1991,3,20.557606,74.524651,ok,"Malegaon, Nashik district, Maharashtra, India"
Nashik,manmad,Manmad (M),1991,3,20.251983,74.439229,ok,"Manmad, Nashik district, Maharashtra, India"
Nashik,nandgaon,Nandgaon (M),1991,3,20.309402,74.659762,ok,"Nandgaon, Nashik district, Maharashtra, India"
Nashik,nashik,Nashik (M.Corp.),1991,3,20.011247,73.790236,ok,"Nashik, Nashik district, Maharashtra, India"
Nashik,ozar,Ozar (Ct),1991,3,20.477522,73.863071,ok,"Ozar, Nashik district, Maharashtra, India"
Nashik,ravalgaon,Ravalgaon (Ct),1991,1,20.616318,74.400495,ok_arcgis,"Ravalgaon, Nashik district, Maharashtra, India"
Nashik,satana,Satana (M),1991,3,20.599101,74.202108,ok,"Satana, Nashik district, Maharashtra, India"
Nashik,sinnar,Sinnar (M),1991,3,19.845314,74.000024,ok,"Sinnar, Nashik district, Maharashtra, India"
Nashik,trimbak,Trimbak (M),1991,3,19.935386,73.530177,ok,"Trimbak, Nashik district, Maharashtra, India"
Nashik,yevla,Yevla (M),1991,3,20.07918,74.519942,ok_photon,"Yeola, Nashik district, Maharashtra, India"
Nashik,surgana,Surgana (Ct),2001,2,20.559243,73.637561,ok,"Surgana, Nashik district, Maharashtra, India"
Nashik,soyagaon,Soyagaon (Ct),2001,2,20.225456,74.104233,ok_photon,"Soyagaon, Nashik district, Maharashtra, India"
Nashik,dyane,Dyane (Ct),2001,2,20.754143,74.286905,ok,"Dyane, Nashik district, Maharashtra, India"
Nashik,ghoti budruk,Ghoti Budruk (Ct),2001,1,19.71635,73.62781,ok,"Ghoti Budruk, Nashik district, Maharashtra, India"
Nashik,malegaon (m corp. + og),Malegaon (M Corp. + Og),2011,1,20.557606,74.524651,ok,"Malegaon, Nashik district, Maharashtra, India"
Nashik,sangameshwar,Sangameshwar (Ct),2011,1,20.075817,74.104076,ok,"Sangameshwar, Nashik district, Maharashtra, India"
Nashik,maldhe,Maldhe (Ct),2011,1,20.225456,74.104233,ok_photon,"Maldhe, Nashik district, Maharashtra, India"
Nashik,samangaon,Samangaon (Ct),2011,1,20.225456,74.104233,ok_photon,"Samangaon, Nashik district, Maharashtra, India"
Nashik,vilholi,Vilholi (Ct),2011,1,19.916392,73.717828,ok,"Vilholi, Nashik district, Maharashtra, India"
Nashik,sansari,Sansari (Ct),2011,1,19.906258,73.838334,ok,"Sansari, Nashik district, Maharashtra, India"
Nashik,pimpalgaon najik,Pimpalgaon Najik (Ct),2011,1,19.928289,73.791261,ok_photon,"Pimpalgaon Najik, Nashik district, Maharashtra, India"
Osmanabad,bhum,Bhum (M),1991,3,18.549309,75.619066,ok,"Bhum, Osmanabad district, Maharashtra, India"
Osmanabad,kalamb,Kalamb (M),1991,3,18.573047,76.022492,ok,"Kalamb, Osmanabad district, Maharashtra, India"
Osmanabad,murum,Murum (M),1991,3,17.786978,76.476106,ok,"Murum, Osmanabad district, Maharashtra, India"
Osmanabad,naldurg,Naldurg (M),1991,3,17.814986,76.278965,ok,"Naldurg, Osmanabad district, Maharashtra, India"
Osmanabad,osmanabad,Osmanabad (M),1991,3,18.282245,76.058817,ok,"Osmanabad, Osmanabad district, Maharashtra, India"
Osmanabad,paranda,Paranda (M),1991,3,18.268348,75.450754,ok,"Paranda, Osmanabad district, Maharashtra, India"
Osmanabad,tuljapur,Tuljapur (M),1991,3,18.008662,76.070792,ok,"Tuljapur, Osmanabad district, Maharashtra, India"
Osmanabad,umarga,Umarga (M),1991,3,17.836543,76.625005,ok,"Umarga, Osmanabad district, Maharashtra, India"
Parbhani,basmath,Basmath,1991,1,19.312161,77.106881,fallback,"Basmath, Maharashtra, India"
Parbhani,gangakhed,Gangakhed (M),1991,3,18.9131,76.755707,ok,"Gangakhed, Parbhani district, Maharashtra, India"
Parbhani,hingoli,Hingoli (M),1991,2,19.673687,76.691567,ok,"Hingoli, Parbhani district, Maharashtra, India"
Parbhani,jintur,Jintur (M),1991,3,19.610654,76.743562,ok,"Jintur, Parbhani district, Maharashtra, India"
Parbhani,kalamnuri,Kalamnuri (M),1991,3,19.290198,76.602644,ok_photon,"Kalamnuri, Parbhani district, Maharashtra, India"
Parbhani,parbhani,Parbhani (M),1991,3,19.24471,76.776084,ok,"Parbhani, Parbhani district, Maharashtra, India"
Parbhani,purna,Purna (M),1991,3,19.181044,76.994033,ok,"Purna, Parbhani district, Maharashtra, India"
Parbhani,sonpeth,Sonpeth (M),1991,3,18.980006,76.572859,ok,"Sonpeth, Parbhani district, Maharashtra, India"
Parbhani,sailu,Sailu (M Cl),2001,2,19.454861,76.438805,ok,"Sailu, Parbhani district, Maharashtra, India"
Parbhani,manwath,Manwath (M Cl),2001,2,19.243584,76.559161,ok,"Manwath, Parbhani district, Maharashtra, India"
Parbhani,pathri,Pathri (M Cl),2001,2,19.219461,76.428416,ok,"Pathri, Parbhani district, Maharashtra, India"
Pune,alandi,Alandi (M),1991,3,18.677245,73.898113,ok,"Alandi, Pune district, Maharashtra, India"
Pune,baramati,Baramati (M),1991,3,18.219854,74.453405,ok,"Baramati, Pune district, Maharashtra, India"
Pune,bhigwan,Bhigwan (Ct),1991,1,18.297701,74.754985,ok,"Bhigwan, Pune district, Maharashtra, India"
Pune,bhor,Bhor (M),1991,3,18.212761,73.816366,ok,"Bhor, Pune district, Maharashtra, India"
Pune,bopkhel,Bopkhel (Ct),1991,1,18.577592,73.853318,ok,"Bopkhel, Pune district, Maharashtra, India"
Pune,daund,Daund (M),1991,4,18.483435,74.362169,ok,"Daund, Pune district, Maharashtra, India"
Pune,dehu,Dehu (Ct),1991,3,18.720819,73.766044,ok,"Dehu, Pune district, Maharashtra, India"
Pune,dehu road,Dehu Road (Cantt.),1991,3,18.680047,73.734331,ok_photon,"Dehu Road, Pune district, Maharashtra, India"
Pune,dhankawadi,Dhankawadi (Ct),1991,1,18.465285,73.855026,ok,"Dhankawadi, Pune district, Maharashtra, India"
Pune,hadapsar,Hadapsar (Ct),1991,1,18.500774,73.937915,ok,"Hadapsar, Pune district, Maharashtra, India"
Pune,indapur,Indapur (M),1991,3,18.11253,74.923865,ok,"Indapur, Pune district, Maharashtra, India"
Pune,jejuri,Jejuri (M),1991,3,18.276899,74.160229,ok,"Jejuri, Pune district, Maharashtra, India"
Pune,junnar,Junnar (M),1991,3,19.200681,73.976819,ok,"Junnar, Pune district, Maharashtra, India"
Pune,kalamb,Kalamb (Ct),1991,1,19.043973,73.95622,ok,"Kalamb, Pune district, Maharashtra, India"
Pune,kalas,Kalas (Ct),1991,1,18.581566,73.872627,ok,"Kalas, Pune district, Maharashtra, India"
Pune,khadakvasla,Khadakvasla (Ct),1991,1,18.441842,73.768048,ok_photon,"Khadakwasla, Pune district, Maharashtra, India"
Pune,khadkale,Khadkale (Ct),1991,3,18.673712,73.706379,ok_photon,"Khadkale, Pune district, Maharashtra, India"
Pune,kharadi,Kharadi (Ct),1991,1,18.551276,73.941658,ok,"Kharadi, Pune district, Maharashtra, India"
Pune,kirkee,Kirkee (Cantt.),1991,3,18.564172,73.840453,ok_photon,"Khadki, Pune district, Maharashtra, India"
Pune,kivale,Kivale (Ct),1991,1,18.673712,73.706379,ok_photon,"Kivale, Pune district, Maharashtra, India"
Pune,lohagaon,Lohagaon (Ct),1991,1,18.602321,73.936428,ok_arcgis,"Lohagaon, Pune district, Maharashtra, India"
Pune,lonavala,Lonavala (M),1991,3,18.750369,73.406944,ok,"Lonavala, Pune district, Maharashtra, India"
Pune,pimpri chinchwad,Pimpri Chinchwad (M.Corp.),1991,3,18.627929,73.800983,ok,"Pimpri Chinchwad, Pune district, Maharashtra, India"
Pune,pune,Pune (Cantt.),1991,6,18.521374,73.854507,ok_photon,"Pune, Pune district, Maharashtra, India"
Pune,sasvad,Sasvad (M),1991,3,18.472818,73.954518,ok,"Sasvad, Pune district, Maharashtra, India"
Pune,shirur,Shirur (M),1991,3,18.761099,74.209529,ok,"Shirur, Pune district, Maharashtra, India"
Pune,shivane,Shivane (Ct),1991,1,18.467041,73.793065,ok,"Shivane, Pune district, Maharashtra, India"
Pune,shivatkar (nira),Shivatkar (Nira) (Ct),1991,3,18.673712,73.706379,ok_photon,"Shivatkar, Pune district, Maharashtra, India"
Pune,talegaon dabhade,Talegaon Dabhade (M),1991,3,18.733711,73.672859,ok,"Talegaon Dabhade, Pune district, Maharashtra, India"
Pune,vadgaon,Vadgaon (Ct),1991,2,18.742587,73.63666,ok,"Vadgaon, Pune district, Maharashtra, India"
Pune,vadgaon bk,Vadgaon Bk (Ct),1991,1,18.459219,73.825605,ok,"Vadgaon Bk, Pune district, Maharashtra, India"
Pune,vadgaon sheri,Vadgaon Sheri (Ct),1991,1,18.742587,73.63666,ok_photon,"Vadgaon Sheri, Pune district, Maharashtra, India"
Pune,warje,Warje (Ct),1991,1,18.482044,73.80017,ok,"Warje, Pune district, Maharashtra, India"
Pune,manchar,Manchar (Ct),2001,2,19.00333,73.942711,ok,"Manchar, Pune district, Maharashtra, India"
Pune,rajgurunagar (khed),Rajgurunagar (Khed) (Ct),2001,2,18.855538,73.886395,ok,"Rajgurunagar (Khed), Pune district, Maharashtra, India"
Pune,chakan,Chakan (Ct),2001,2,18.762311,73.862545,ok,"Chakan, Pune district, Maharashtra, India"
Pune,kusgaon budruk,Kusgaon Budruk (Ct),2001,1,18.328519,73.816867,ok_photon,"Kusgaon Budruk, Pune district, Maharashtra, India"
Pune,tathavade,Tathavade (Ct),2001,1,18.673712,73.706379,ok_photon,"Tathavade, Pune district, Maharashtra, India"
Pune,koregaon bhima,Koregaon Bhima (Ct),2011,1,19.035781,73.600805,ok_photon,"Koregaon Bhima, Pune district, Maharashtra, India"
Pune,sanaswadi,Sanaswadi (Ct),2011,1,18.368914,73.813416,ok,"Sanaswadi, Pune district, Maharashtra, India"
Pune,kharabwadi,Kharabwadi (Ct),2011,1,18.75754,73.840459,ok,"Kharabwadi, Pune district, Maharashtra, India"
Pune,nanekarwadi,Nanekarwadi (Ct),2011,1,18.673712,73.706379,ok_photon,"Nanekarwadi, Pune district, Maharashtra, India"
Pune,medankarwadi,Medankarwadi (Ct),2011,1,18.673712,73.706379,ok_photon,"Medankarwadi, Pune district, Maharashtra, India"
Pune,wadagaon,Wadagaon (Ct),2011,1,18.863117,73.658111,ok_arcgis,"Wadagaon, Pune district, Maharashtra, India"
Pune,kusgaon bk.,Kusgaon Bk. (Ct),2011,1,18.328519,73.816867,ok,"Kusgaon Bk., Pune district, Maharashtra, India"
Pune,hinjavadi,Hinjavadi (Ct),2011,1,18.592753,73.738215,ok,"Hinjavadi, Pune district, Maharashtra, India"
Pune,pirangut,Pirangut (Ct),2011,1,18.511282,73.679007,ok,"Pirangut, Pune district, Maharashtra, India"
Pune,wagholi,Wagholi (Ct),2011,1,18.58063,73.98331,ok,"Wagholi, Pune district, Maharashtra, India"
Pune,yewalewadi,Yewalewadi (Ct),2011,1,18.435828,73.896364,ok,"Yewalewadi, Pune district, Maharashtra, India"
Pune,jalochi,Jalochi (Ct),2011,1,18.673712,73.706379,ok_photon,"Jalochi, Pune district, Maharashtra, India"
Raigarh,alibag,Alibag (M),1991,3,18.640776,72.871808,ok,"Alibag, Raigarh district, Maharashtra, India"
Raigarh,goregaon,Goregaon (Ct),1991,3,18.153771,73.295683,ok,"Goregaon, Raigarh district, Maharashtra, India"
Raigarh,karjat,Karjat (Ct),1991,3,18.910139,73.324437,ok,"Karjat, Raigarh district, Maharashtra, India"
Raigarh,kegaon,Kegaon (Ct),1991,3,18.886583,72.913494,ok_arcgis,"Kegaon, Raigarh district, Maharashtra, India"
Raigarh,khopoli,Khopoli (M),1991,3,18.787747,73.343818,fallback,"Khopoli, Maharashtra, India"
Raigarh,mahad,Mahad (M),1991,3,18.082609,73.436477,ok,"Mahad, Raigarh district, Maharashtra, India"
Raigarh,matheran,Matheran (M),1991,3,18.990154,73.270019,fallback,"Matheran, Maharashtra, India"
Raigarh,mhasla,Mhasla (Ct),1991,3,18.132019,73.10679,fallback,"Mhasla, Maharashtra, India"
Raigarh,murud,Murud (M),1991,2,18.332423,72.9543,ok,"Murud, Raigarh district, Maharashtra, India"
Raigarh,neral,Neral (Ct),1991,3,19.029059,73.319286,ok,"Neral, Raigarh district, Maharashtra, India"
Raigarh,"new bombay(panvel,raigarh)ct","New Bombay(Panvel,Raigarh)Ct",1991,1,18.998317,73.120332,ok_photon,"New Bombay(Panvel,Raigarh)Ct, Raigarh, Maharashtra, India"
Raigarh,pali,Pali (Ct),1991,3,18.536389,73.221708,ok,"Pali, Raigarh district, Maharashtra, India"
Raigarh,panvel,Panvel (M),1991,3,18.995151,73.12091,ok,"Panvel, Raigarh district, Maharashtra, India"
Raigarh,pen,Pen (M),1991,3,18.734691,73.09421,ok,"Pen, Raigarh district, Maharashtra, India"
Raigarh,revdanda,Revdanda (Ct),1991,1,18.547065,72.927267,fallback,"Revdanda, Maharashtra, India"
Raigarh,roha ashtami,Roha Ashtami (M),1991,3,18.434286,73.118129,ok_photon,"Roha, Raigarh district, Maharashtra, India"
Raigarh,shrivardhan,Shrivardhan (M),1991,3,18.049863,73.017411,ok,"Shrivardhan, Raigarh district, Maharashtra, India"
Raigarh,taloje panchnad,Taloje Panchnad (Ct),1991,2,19.079148,73.087858,ok_photon,"Taloje Panchnad, Raigarh, Maharashtra, India"
Raigarh,uran,Uran (M),1991,3,18.8808,72.9386,fallback,"Uran, Maharashtra, India"
Raigarh,kalundre,Kalundre (Ct),2001,2,18.975994,73.124958,ok_arcgis,"Kalundre, Raigarh district, Maharashtra, India"
Raigarh,"navi mumbai (panvel, raigarh)","Navi Mumbai (Panvel, Raigarh) (Ct)",2001,1,18.950304,72.824965,ok_photon,"Navi Mumbai, Raigarh district, Maharashtra, India"
Raigarh,ambivali tarf wankhal,Ambivali Tarf Wankhal (Ct),2001,1,19.241298,73.147347,ok_photon,"Ambivali Tarf Wankhal, Maharashtra, India"
Raigarh,mohpada alias wasambe,Mohpada Alias Wasambe (Ct),2001,2,18.908091,73.18452,ok_arcgis,"Mohpada Alias Wasambe, Raigarh district, Maharashtra, India"
Raigarh,nagothana,Nagothana (Ct),2001,1,18.544066,73.136293,fallback,"Nagothana, Maharashtra, India"
Raigarh,dhatau,Dhatau (Ct),2001,2,18.434286,73.118129,ok_photon,"Dhatau, Raigarh district, Maharashtra, India"
Raigarh,utekhol,Utekhol (Ct),2001,2,18.434286,73.118129,ok_photon,"Utekhol, Raigarh district, Maharashtra, India"
Raigarh,birwadi,Birwadi (Ct),2001,2,18.423095,73.036079,fallback,"Birwadi, Maharashtra, India"
Raigarh,poladpur,Poladpur (Ct),2001,2,17.991472,73.466083,ok,"Poladpur, Raigarh district, Maharashtra, India"
Raigarh,navghar,Navghar (Ct),2011,1,18.891596,72.985642,fallback,"Navghar, Maharashtra, India"
Raigarh,chanje,Chanje (Ct),2011,1,18.434286,73.118129,ok_photon,"Chanje, Raigarh district, Maharashtra, India"
Raigarh,jasai,Jasai (Ct),2011,1,18.93178,73.01883,fallback,"Jasai, Maharashtra, India"
Raigarh,talode panchnad,Talode Panchnad (Ct),2011,1,19.079148,73.087858,ok_photon,"Talode Panchnad, Raigarh, Maharashtra, India"
Raigarh,kharghar,Kharghar (Ct),2011,1,19.05253,73.073511,fallback,"Kharghar, Maharashtra, India"
Raigarh,navi mumbai panvel raigarh,Navi Mumbai Panvel Raigarh (Ct),2011,1,19.034243,73.062787,ok_photon,"Navi Mumbai Panvel Raigarh, Raigarh district, Maharashtra, India"
Raigarh,palidevad,Palidevad (Ct),2011,1,18.434286,73.118129,ok_photon,"Palidevad, Raigarh district, Maharashtra, India"
Raigarh,vadghar,Vadghar (Ct),2011,1,18.035953,73.590932,fallback,"Vadghar, Maharashtra, India"
Raigarh,owle,Owle (Ct),2011,1,18.434286,73.118129,ok_photon,"Owle, Raigarh district, Maharashtra, India"
Raigarh,ambivali t. tungartan,Ambivali T. Tungartan (Ct),2011,1,18.434286,73.118129,ok_photon,"Ambivali T. Tungartan, Raigarh district, Maharashtra, India"
Raigarh,rees,Rees (Ct),2011,1,18.434286,73.118129,ok_photon,"Rees, Raigarh district, Maharashtra, India"
Raigarh,dadar,Dadar (Ct),2011,1,19.019227,72.842848,fallback,"Dadar, Maharashtra, India"
Raigarh,zotirpada,Zotirpada (Ct),2011,1,18.434286,73.118129,ok_photon,"Zotirpada, Raigarh district, Maharashtra, India"
Raigarh,ambepur,Ambepur (Ct),2011,1,18.434286,73.118129,ok_photon,"Ambepur, Raigarh district, Maharashtra, India"
Raigarh,chendhare,Chendhare (Ct),2011,1,18.434286,73.118129,ok_photon,"Chendhare, Raigarh district, Maharashtra, India"
Raigarh,kurul,Kurul (Ct),2011,1,18.641589,72.894441,fallback,"Kurul, Maharashtra, India"
Raigarh,murud janjira,Murud Janjira (M Cl),2011,1,18.333454,72.954241,fallback,"Murud Janjira, Maharashtra, India"
Raigarh,nagothane,Nagothane (Ct),2011,1,18.53666,73.138417,ok,"Nagothane, Raigarh district, Maharashtra, India"
Raigarh,bhuwaneshwar,Bhuwaneshwar (Ct),2011,1,18.434286,73.118129,ok_photon,"Bhuwaneshwar, Raigarh district, Maharashtra, India"
Raigarh,borli panchtan,Borli Panchtan (Ct),2011,1,18.171752,73.003808,ok_photon,"Borli Panchtan, Raigarh district, Maharashtra, India"
Raigarh,nadgaon tarf birwadi,Nadgaon Tarf Birwadi (Ct),2011,1,18.097681,73.461795,fallback,"Nadgaon Tarf Birwadi, Maharashtra, India"
Ratnagiri,alore,Alore (Ct),1991,1,16.98838,73.299312,ok_photon,"Alorye, Ratnagiri district, Maharashtra, India"
Ratnagiri,chiplun,Chiplun (M),1991,3,17.525341,73.515567,ok,"Chiplun, Ratnagiri district, Maharashtra, India"
Ratnagiri,dabhol,Dabhol (Ct),1991,2,17.588993,73.182402,ok,"Dabhol, Ratnagiri district, Maharashtra, India"
Ratnagiri,dapoli camp,Dapoli Camp (Ct),1991,3,17.753059,73.196836,ok_photon,"Dapoli, Ratnagiri district, Maharashtra, India"
Ratnagiri,harnai,Harnai (Ct),1991,1,17.812569,73.092481,ok,"Harnai, Ratnagiri district, Maharashtra, India"
Ratnagiri,khed,Khed (M),1991,3,17.71257,73.410664,ok,"Khed, Ratnagiri district, Maharashtra, India"
Ratnagiri,rajapur,Rajapur (M),1991,3,16.65332,73.51485,ok,"Rajapur, Ratnagiri district, Maharashtra, India"
Ratnagiri,ratnagiri,Ratnagiri (M),1991,3,16.993352,73.295437,ok,"Ratnagiri, Ratnagiri district, Maharashtra, India"
Ratnagiri,jalgaon,Jalgaon (Ct),2001,2,17.709946,73.248154,ok,"Jalgaon, Ratnagiri district, Maharashtra, India"
Ratnagiri,kherdi,Kherdi (Ct),2001,2,17.282608,73.456979,ok_photon,"Kherdi, Ratnagiri, Maharashtra, India"
Ratnagiri,guhagar,Guhagar (Ct),2001,1,17.483836,73.191061,ok,"Guhagar, Ratnagiri district, Maharashtra, India"
Ratnagiri,nachane,Nachane (Ct),2001,2,16.985613,73.335733,ok,"Nachane, Ratnagiri district, Maharashtra, India"
Ratnagiri,lanja,Lanja (Ct),2001,2,16.85896,73.548689,ok,"Lanja, Ratnagiri district, Maharashtra, India"
Ratnagiri,gimhavane,Gimhavane (Ct),2011,1,16.98838,73.299312,ok_photon,"Gimhavane, Ratnagiri district, Maharashtra, India"
Ratnagiri,mouje anjanvel,Mouje Anjanvel (Ct),2011,1,17.563445,73.166757,ok_photon,"Mouje Anjanvel, Ratnagiri, Maharashtra, India"
Ratnagiri,zadgaon,Zadgaon (Ct),2011,1,17.282608,73.456979,ok_photon,"Zadgaon, Ratnagiri, Maharashtra, India"
Ratnagiri,karle,Karle (Ct),2011,1,16.863115,73.650482,ok,"Karle, Ratnagiri district, Maharashtra, India"
Ratnagiri,kuwarbav,Kuwarbav (Ct),2011,1,16.995171,73.349028,ok,"Kuwarbav, Ratnagiri district, Maharashtra, India"
Ratnagiri,devrukh,Devrukh (Ct),2011,1,17.063849,73.620897,ok,"Devrukh, Ratnagiri district, Maharashtra, India"
Sangli,ashta,Ashta (M),1991,3,16.9452,74.4071,ok,"Ashta, Sangli district, Maharashtra, India"
Sangli,ii)kupwadi (og),Ii)Kupwadi (Og),1991,1,17.172693,74.586765,ok_photon,"Kupwadi, Sangli district, Maharashtra, India"
Sangli,ii)vanleswadi (og),Ii)Vanleswadi (Og),1991,1,17.172693,74.586765,ok_photon,"Vanleswadi, Sangli district, Maharashtra, India"
Sangli,madhavnagar (c.t.),Madhavnagar (C.T.),1991,1,17.06338,75.073775,ok_photon,"Madhavnagar, Sangli district, Maharashtra, India"
Sangli,manadur,Manadur (Ct),1991,2,17.171955,73.906359,fallback,"Manadur, Maharashtra, India"
Sangli,miraj,Miraj (M),1991,1,16.858516,74.710895,ok,"Miraj, Sangli district, Maharashtra, India"
Sangli,sangli,Sangli (M),1991,1,16.850253,74.594888,ok,"Sangli, Sangli district, Maharashtra, India"
Sangli,tasgaon,Tasgaon (M),1991,3,17.090486,74.683267,ok,"Tasgaon, Sangli district, Maharashtra, India"
Sangli,uran islampur,Uran Islampur (M),1991,3,17.046785,74.263805,ok,"Uran Islampur, Sangli district, Maharashtra, India"
Sangli,vita,Vita (M),1991,3,17.271977,74.537284,ok,"Vita, Sangli district, Maharashtra, India"
Sangli,budhgaon,Budhgaon (Ct),2001,2,16.907985,74.59933,ok,"Budhgaon, Sangli district, Maharashtra, India"
Sangli,madhavnagar,Madhavnagar (Ct),2001,2,16.876279,74.586665,ok,"Madhavnagar, Sangli district, Maharashtra, India"
Sangli,sangli-miraj kupwad,Sangli-Miraj Kupwad (M Corp.),2001,1,16.850253,74.594888,ok,"Sangli-Miraj Kupwad, Sangli district, Maharashtra, India"
Sangli,sangli miraj kupwad,Sangli Miraj Kupwad (M Corp.),2011,1,16.850253,74.594888,ok,"Sangli Miraj Kupwad, Sangli district, Maharashtra, India"
Satara,karad,Karad (M),1991,3,17.285213,74.182215,ok,"Karad, Satara district, Maharashtra, India"
Satara,koregaon,Koregaon (Ct),1991,2,17.691995,74.149068,ok,"Koregaon, Satara district, Maharashtra, India"
Satara,mahabaleshwar,Mahabaleshwar (M),1991,3,17.924276,73.65758,ok,"Mahabaleshwar, Satara district, Maharashtra, India"
Satara,mhaswad,Mhaswad (M),1991,3,17.664233,74.749554,ok,"Mhaswad, Satara district, Maharashtra, India"
Satara,panchgani,Panchgani (M),1991,3,17.923954,73.799268,ok,"Panchgani, Satara district, Maharashtra, India"
Satara,patan,Patan (Ct),1991,3,17.356527,73.863421,ok,"Patan, Satara district, Maharashtra, India"
Satara,phaltan,Phaltan (M),1991,3,17.957934,74.414235,ok,"Phaltan, Satara district, Maharashtra, India"
Satara,rahimatpur,Rahimatpur (M),1991,3,17.590977,74.199056,ok,"Rahimatpur, Satara district, Maharashtra, India"
Satara,satara,Satara (M),1991,3,17.688321,74.004173,ok,"Satara, Satara district, Maharashtra, India"
Satara,satara road,Satara Road (Ct),1991,1,17.767434,74.112656,ok,"Satara Road, Satara district, Maharashtra, India"
Satara,wai,Wai (M),1991,3,17.942374,73.919253,ok,"Wai, Satara district, Maharashtra, India"
Satara,shirwal,Shirwal (Ct),2001,1,18.14791,73.976653,ok,"Shirwal, Satara district, Maharashtra, India"
Satara,khed,Khed (Ct),2001,2,17.701964,74.036004,ok,"Khed, Satara district, Maharashtra, India"
Satara,karanje turf satara,Karanje Turf Satara (Ct),2001,1,17.695592,73.989397,ok_photon,"Karanje Turf Satara, Satara district, Maharashtra, India"
Satara,kodoli,Kodoli (Ct),2001,2,17.668597,74.033556,ok,"Kodoli, Satara district, Maharashtra, India"
Satara,godoli,Godoli (Ct),2001,2,17.675275,74.014387,ok,"Godoli, Satara district, Maharashtra, India"
Satara,vanvadi (sadashivgad),Vanvadi (Sadashivgad) (Ct),2001,1,17.692591,74.010246,ok_photon,"Vanvadi, Satara district, Maharashtra, India"
Satara,songirwadi (rural),Songirwadi (Rural) (Ct),2011,1,17.692591,74.010246,ok_photon,"Songirwadi, Satara district, Maharashtra, India"
Satara,lonand,Lonand (Ct),2011,1,18.038798,74.186926,ok,"Lonand, Satara district, Maharashtra, India"
Satara,kolki,Kolki (Ct),2011,1,17.692591,74.010246,ok_photon,"Kolki, Satara district, Maharashtra, India"
Satara,karanje tarf satara,Karanje Tarf Satara (Ct),2011,1,17.695592,73.989397,ok_photon,"Karanje Tarf Satara, Satara district, Maharashtra, India"
Satara,medha,Medha (Ct),2011,1,17.794737,73.827792,ok,"Medha, Satara district, Maharashtra, India"
Satara,malkapur,Malkapur (Np),2011,1,17.259349,74.173462,ok,"Malkapur, Satara district, Maharashtra, India"
Satara,hajarmachi,Hajarmachi (Ct),2011,1,17.692591,74.010246,ok_photon,"Hajarmachi, Satara district, Maharashtra, India"
Satara,saidapur,Saidapur (Ct),2011,1,17.636129,74.298278,ok_photon,"Saidapur, Satara, Maharashtra, India"
Satara,karad (rural),Karad (Rural) (Ct),2011,1,17.285213,74.182215,ok,"Karad, Satara district, Maharashtra, India"
Sindhudurg,kudal,Kudal (Ct),1991,3,16.017235,73.678052,ok,"Kudal, Sindhudurg district, Maharashtra, India"
Sindhudurg,malwan,Malwan (M),1991,3,16.05942,73.46405,ok,"Malwan, Sindhudurg district, Maharashtra, India"
Sindhudurg,sawantwadi,Sawantwadi (M),1991,3,15.90796,73.820531,ok,"Sawantwadi, Sindhudurg district, Maharashtra, India"
Sindhudurg,vengurla,Vengurla (M),1991,3,15.861987,73.632156,ok,"Vengurla, Sindhudurg district, Maharashtra, India"
Sindhudurg,kankavli,Kankavli (Ct),2001,2,16.374204,73.745172,ok,"Kankavli, Sindhudurg district, Maharashtra, India"
Sindhudurg,kalmath,Kalmath (Ct),2011,1,16.116178,73.690004,ok_photon,"Kalmath, Sindhudurg district, Maharashtra, India"
Sindhudurg,majgaon,Majgaon (Ct),2011,1,16.116178,73.690004,ok_photon,"Majgaon, Sindhudurg district, Maharashtra, India"
Sindhudurg,banda,Banda (Ct),2011,1,15.813655,73.863422,ok,"Banda, Sindhudurg district, Maharashtra, India"
Solapur,akkalkot,Akkalkot (M),1991,3,17.515193,76.212278,ok,"Akkalkot, Solapur district, Maharashtra, India"
Solapur,barshi,Barshi (M),1991,3,18.234111,75.687511,ok,"Barshi, Solapur district, Maharashtra, India"
Solapur,dudhani,Dudhani (M),1991,3,17.359689,76.369221,ok,"Dudhani, Solapur district, Maharashtra, India"
Solapur,ii)solapur rural (og),Ii)Solapur Rural (Og),1991,1,17.645507,75.9866,ok_photon,"Solapur Rural, Solapur district, Maharashtra, India"
Solapur,iii)majrewadi (og),Iii)Majrewadi (Og),1991,1,17.849907,75.27632,ok_photon,"Majrewadi, Solapur district, Maharashtra, India"
Solapur,iv)nehru nagar (og),Iv)Nehru Nagar (Og),1991,1,17.628151,75.934083,ok_photon,"Nehru Nagar, Solapur district, Maharashtra, India"
Solapur,karmala,Karmala (M),1991,3,18.321381,75.116877,ok,"Karmala, Solapur district, Maharashtra, India"
Solapur,kurduvadi,Kurduvadi (M),1991,3,18.090766,75.413938,ok,"Kurduvadi, Solapur district, Maharashtra, India"
Solapur,maindargi,Maindargi (M),1991,3,17.45662,76.294477,ok,"Maindargi, Solapur district, Maharashtra, India"
Solapur,mangalvedhe,Mangalvedhe (M),1991,3,17.402694,75.459373,ok,"Mangalvedhe, Solapur district, Maharashtra, India"
Solapur,pandharpur,Pandharpur (M),1991,3,17.725592,75.300194,ok,"Pandharpur, Solapur district, Maharashtra, India"
Solapur,sangole,Sangole (M),1991,3,17.436269,75.193229,ok,"Sangole, Solapur district, Maharashtra, India"
Solapur,solapur (mc),Solapur (Mc),1991,1,17.669973,75.900812,ok,"Solapur, Solapur district, Maharashtra, India"
Solapur,solapur,Solapur (M Corp.),2001,2,17.669973,75.900812,ok,"Solapur, Solapur district, Maharashtra, India"
Solapur,natepute,Natepute (Ct),2011,1,17.900448,74.752659,ok,"Natepute, Solapur district, Maharashtra, India"
Solapur,akluj,Akluj (Ct),2011,1,17.893007,75.020448,ok,"Akluj, Solapur district, Maharashtra, India"
Solapur,sangramnagar,Sangramnagar (Ct),2011,1,17.891293,75.036678,ok,"Sangramnagar, Solapur district, Maharashtra, India"
Thane,bhiwandi,Bhiwandi (M),1991,2,19.302556,73.058807,ok,"Bhiwandi, Thane district, Maharashtra, India"
Thane,dahanu,Dahanu (M),1991,3,19.33333,73.25,ok_arcgis,"Dahanu, Thane district, Maharashtra, India"
Thane,gokhivare,Gokhivare (Ct),1991,2,19.400627,72.843022,fallback,"Gokhivare, Maharashtra, India"
Thane,jawhar,Jawhar (M),1991,3,19.966589,73.502909,ok_photon,"Jawhar, Thane district, Maharashtra, India"
Thane,kalyan,Kalyan (M.Corp.),1991,1,19.239674,73.136648,ok,"Kalyan, Thane district, Maharashtra, India"
Thane,khoni,Khoni (Ct),1991,3,19.315396,73.055755,ok,"Khoni, Thane district, Maharashtra, India"
Thane,kon,Kon (Ct),1991,3,19.248385,73.104778,ok,"Kon, Thane district, Maharashtra, India"
Thane,manikpur,Manikpur (Ct),1991,1,19.380628,72.823648,fallback,"Manikpur, Maharashtra, India"
Thane,mira-bhayandar,Mira-Bhayandar (M),1991,3,19.297032,72.858686,ok,"Mira-Bhayandar, Thane district, Maharashtra, India"
Thane,murbad,Murbad (Ct),1991,3,19.257118,73.390749,ok,"Murbad, Thane district, Maharashtra, India"
Thane,nalasopara,Nalasopara (M),1991,2,19.417442,72.817598,fallback,"Nalasopara, Maharashtra, India"
Thane,navghar,Navghar (Ct),1991,1,19.310061,72.85822,ok,"Navghar, Thane district, Maharashtra, India"
Thane,new bombay (thane),New Bombay (Thane) (Ct),1991,1,19.072636,72.993871,ok,"New Bombay (Thane), Thane district, Maharashtra, India"
Thane,palghar,Palghar (Ct),1991,3,19.646592,72.723798,ok_photon,"Palghar, Thane district, Maharashtra, India"
Thane,pasthal,Pasthal (Ct),1991,3,19.820151,72.731307,ok_photon,"Pasthal, Thane, Maharashtra, India"
Thane,sandor,Sandor (Ct),1991,2,19.371109,72.80548,fallback,"Sandor, Maharashtra, India"
Thane,shahapur,Shahapur (Ct),1991,3,19.451794,73.326596,ok,"Shahapur, Thane district, Maharashtra, India"
Thane,shirgaon,Shirgaon (Ct),1991,2,19.425726,73.171131,ok_arcgis,"Shirgaon, Thane, Maharashtra, India"
Thane,thane,Thane (M.Corp.),1991,3,19.194329,72.970178,ok,"Thane, Thane district, Maharashtra, India"
Thane,ulhasnagar,Ulhasnagar (M),1991,3,19.223633,73.167152,ok,"Ulhasnagar, Thane district, Maharashtra, India"
Thane,vada,Vada (Ct),1991,3,19.189986,72.969546,ok,"Vada, Thane district, Maharashtra, India"
Thane,vasai,Vasai (M),1991,2,19.285876,72.902812,ok,"Vasai, Thane district, Maharashtra, India"
Thane,virar,Virar (M),1991,2,19.451809,72.806826,ok,"Virar, Thane district, Maharashtra, India"
Thane,chinchani,Chinchani (Ct),2001,2,19.873937,72.712572,ok_photon,"Chinchani, Palghar district, Maharashtra, India"
Thane,manor,Manor (Ct),2001,2,19.161334,73.075146,ok,"Manor, Thane district, Maharashtra, India"
Thane,boisar,Boisar (Ct),2001,2,19.803483,72.754363,ok_photon,"Boisar, Thane district, Maharashtra, India"
Thane,katkar,Katkar (Ct),2001,2,19.243378,73.128959,ok,"Katkar, Thane district, Maharashtra, India"
Thane,tarapur,Tarapur (Ct),2001,2,19.812947,72.743876,ok_photon,"Tarapur, Thane district, Maharashtra, India"
Thane,umbar pada nandade,Umbar Pada Nandade (Ct),2001,2,19.628367,73.422953,ok_photon,"Umbar Pada Nandade, Thane district, Maharashtra, India"
Thane,kopharad,Kopharad (Ct),2001,1,19.36536,73.368544,ok_photon,"Kopharad, Thane, Maharashtra, India"
Thane,waliv,Waliv (Ct),2001,1,19.415056,72.861028,fallback,"Waliv, Maharashtra, India"
Thane,navghar-manikpur,Navghar-Manikpur (M Cl),2001,1,19.380628,72.823648,fallback,"Navghar-Manikpur, Maharashtra, India"
Thane,navi mumbai,Navi Mumbai (M Corp.),2001,2,19.030826,73.019854,ok,"Navi Mumbai, Thane district, Maharashtra, India"
Thane,katai,Katai (Ct),2001,2,19.169795,73.078716,ok,"Katai, Thane district, Maharashtra, India"
Thane,karivali,Karivali (Ct),2001,2,19.295674,73.040222,ok,"Karivali, Thane district, Maharashtra, India"
Thane,shelar,Shelar (Ct),2001,2,19.216051,73.098888,ok,"Shelar, Thane district, Maharashtra, India"
Thane,padagha,Padagha (Ct),2001,2,19.366845,73.175958,ok,"Padagha, Thane district, Maharashtra, India"
Thane,kasara budruk,Kasara Budruk (Ct),2001,1,19.648232,73.473589,ok_photon,"Kasara, Thane district, Maharashtra, India"
Thane,vashind,Vashind (Ct),2001,2,19.406509,73.267468,ok_photon,"Vasind, Thane district, Maharashtra, India"
Thane,kalyan-dombivli,Kalyan-Dombivli (M Corp.),2001,2,19.23916,73.129319,ok,"Kalyan-Dombivli, Thane district, Maharashtra, India"
Thane,ambarnath,Ambarnath(M Cl),2001,2,19.201561,73.200477,ok,"Ambarnath, Thane district, Maharashtra, India"
Thane,badlapur,Badlapur (M Cl),2001,2,19.166624,73.238906,ok,"Badlapur, Thane district, Maharashtra, India"
Thane,vikramgad,Vikramgad (Ct),2011,1,19.038857,73.008179,ok_arcgis,"Vikramgad, Thane, Maharashtra, India"
Thane,kudus,Kudus (Ct),2011,1,19.53233,73.099937,fallback,"Kudus, Maharashtra, India"
Thane,salwad,Salwad (Ct),2011,1,19.299064,73.152355,ok_arcgis,"Salwad, Thane, Maharashtra, India"
Thane,dandi,Dandi (Ct),2011,1,19.36536,73.368544,ok_photon,"Dandi, Thane, Maharashtra, India"
Thane,khaira,Khaira (Ct),2011,1,19.105623,72.998865,ok_photon,"Khaira, Thane, Maharashtra, India"
Thane,saravali,Saravali (Ct),2011,1,19.36536,73.368544,ok_photon,"Saravali, Thane, Maharashtra, India"
Thane,vasai-virar city,Vasai-Virar City (M Corp),2011,1,19.342382,72.804596,fallback,"Vasai-Virar City, Maharashtra, India"
Thane,chandrapada,Chandrapada (Ct),2011,1,19.358875,72.876439,fallback,"Chandrapada, Maharashtra, India"
Thane,bhiwandi nizampur,Bhiwandi Nizampur (M Corp.),2011,1,19.294067,73.066448,ok,"Bhiwandi Nizampur, Thane district, Maharashtra, India"
Thane,mahapoli,Mahapoli (Ct),2011,1,19.196877,72.967003,ok_photon,"Mahapoli, Thane district, Maharashtra, India"
Thane,borivali tarf rahur,Borivali Tarf Rahur (Ct),2011,1,19.378685,73.181735,ok_arcgis,"Borivali Tarf Rahur, Thane district, Maharashtra, India"
Thane,kambe,Kambe (Ct),2011,2,19.36536,73.368544,ok_photon,"Kambe, Thane, Maharashtra, India"
Thane,kharbav,Kharbav (Ct),2011,1,19.290768,72.976931,ok_photon,"Kharbav, Thane district, Maharashtra, India"
Thane,rahanal,Rahanal (Ct),2011,1,19.36536,73.368544,ok_photon,"Rahanal, Thane, Maharashtra, India"
Thane,purne,Purne (Ct),2011,1,19.36536,73.368544,ok_photon,"Purne, Thane, Maharashtra, India"
Thane,kalher,Kalher (Ct),2011,1,19.247059,73.01621,ok,"Kalher, Thane district, Maharashtra, India"
Thane,kasara bk.,Kasara Bk. (Ct),2011,1,19.64462,73.474648,ok,"Kasara Bk., Thane district, Maharashtra, India"
Thane,khardi,Khardi (Ct),2011,1,19.580216,73.393825,ok,"Khardi, Thane district, Maharashtra, India"
Thane,gotheghar,Gotheghar (Ct),2011,1,19.36536,73.368544,ok_photon,"Gotheghar, Thane, Maharashtra, India"
Thane,asangaon,Asangaon (Ct),2011,1,19.439961,73.308146,ok,"Asangaon, Thane district, Maharashtra, India"
Thane,mharal bk,Mharal Bk (Ct),2011,1,19.146203,72.999868,ok_photon,"Mharal Bk, Thane, Maharashtra, India"
Thane,vangani,Vangani (Ct),2011,1,19.094332,73.300895,ok,"Vangani, Thane district, Maharashtra, India"
Wardha,arvi,Arvi (M),1991,3,20.93615,78.289217,ok,"Arvi, Wardha district, Maharashtra, India"
Wardha,deoli,Deoli (M),1991,3,20.631117,78.397171,ok,"Deoli, Wardha district, Maharashtra, India"
Wardha,hinganghat,Hinganghat (M),1991,3,20.542611,78.833164,ok,"Hinganghat, Wardha district, Maharashtra, India"
Wardha,pulgaon,Pulgaon (M),1991,3,20.725805,78.31762,ok,"Pulgaon, Wardha district, Maharashtra, India"
Wardha,sindi,Sindi (M),1991,3,20.804643,78.887029,ok,"Sindi, Wardha district, Maharashtra, India"
Wardha,wardha,Wardha (M),1991,3,20.746494,78.599792,ok,"Wardha, Wardha district, Maharashtra, India"
Wardha,sindi turf hindnagar,Sindi Turf Hindnagar (Ct),2001,2,20.715426,78.572777,ok_photon,"Sindhi Meghe, Wardha, Maharashtra, India"
Wardha,pipri,Pipri (Ct),2011,1,20.57746,79.117441,ok,"Pipri, Wardha district, Maharashtra, India"
Wardha,warud,Warud (Ct),2011,1,20.504943,78.54906,ok,"Warud, Wardha district, Maharashtra, India"
Wardha,masala,Masala (Ct),2011,1,20.859373,78.581858,ok,"Masala, Wardha district, Maharashtra, India"
Wardha,nalwadi,Nalwadi (Ct),2011,1,20.825623,78.613146,ok_photon,"Nalwadi, Wardha, Maharashtra, India"
Wardha,borgaon (meghe),Borgaon (Meghe) (Ct),2011,1,20.725018,78.602055,ok,"Borgaon (Meghe), Wardha district, Maharashtra, India"
Wardha,sawangi (meghe),Sawangi (Meghe) (Ct),2011,1,20.893958,78.29882,ok_photon,"Sawangi, Wardha district, Maharashtra, India"
Washim,mangrulpir,Mangrulpir (M Cl),2001,2,20.275865,77.326123,ok,"Mangrulpir, Washim district, Maharashtra, India"
Washim,karanja,Karanja (M Cl),2001,2,20.482071,77.489234,ok,"Karanja, Washim district, Maharashtra, India"
Washim,washim,Washim (M Cl),2001,2,20.102921,77.135387,ok,"Washim, Washim district, Maharashtra, India"
Washim,risod,Risod (M Cl),2001,2,20.033758,76.834028,ok,"Risod, Washim district, Maharashtra, India"
Yavatmal,darwha,Darwha (M),1991,3,20.324892,77.777941,ok,"Darwha, Yavatmal district, Maharashtra, India"
Yavatmal,digras,Digras (M),1991,3,20.104181,77.716794,ok,"Digras, Yavatmal district, Maharashtra, India"
Yavatmal,ghatanji,Ghatanji (M),1991,3,20.019381,78.274666,ok,"Ghatanji, Yavatmal district, Maharashtra, India"
Yavatmal,pandharkaoda,Pandharkaoda (M),1991,3,20.023139,78.547735,ok_photon,"Pandharkawada, Yavatmal district, Maharashtra, India"
Yavatmal,pusad,Pusad (M),1991,3,19.88582,77.484612,ok,"Pusad, Yavatmal district, Maharashtra, India"
Yavatmal,rajur,Rajur (Ct),1991,3,20.105287,78.907049,ok,"Rajur, Yavatmal district, Maharashtra, India"
Yavatmal,umarkhed,Umarkhed (M),1991,3,19.598217,77.914099,ok,"Umarkhed, Yavatmal district, Maharashtra, India"
Yavatmal,umarsara,Umarsara (Ct),1991,3,20.363949,78.12725,ok,"Umarsara, Yavatmal district, Maharashtra, India"
Yavatmal,wani,Wani (M),1991,3,20.0574,78.9565,ok,"Wani, Yavatmal district, Maharashtra, India"
Yavatmal,yavatmal,Yavatmal (M),1991,3,20.390344,78.132852,ok,"Yavatmal, Yavatmal district, Maharashtra, India"
Yavatmal,waghapur,Waghapur (Ct),2001,2,20.402199,78.031792,ok,"Waghapur, Yavatmal district, Maharashtra, India"
Yavatmal,wadgaon road,Wadgaon Road (Ct),2001,2,20.222154,78.231815,ok_photon,"Wadgaon Road, Yavatmal district, Maharashtra, India"
Yavatmal,vasantnagar,Vasantnagar (Ct),2001,1,20.030915,77.759213,ok,"Vasantnagar, Yavatmal district, Maharashtra, India"
Yavatmal,ner,Ner (M Cl),2011,1,20.490596,77.811853,ok,"Ner, Yavatmal district, Maharashtra, India"
Yavatmal,pimpalgaon,Pimpalgaon (Ct),2011,1,20.515182,78.049521,ok,"Pimpalgaon, Yavatmal district, Maharashtra, India"
Yavatmal,yavatmal (r),Yavatmal (R) (Ct),2011,1,20.390344,78.132852,ok,"Yavatmal (R), Yavatmal district, Maharashtra, India"
Yavatmal,lohara,Lohara (Ct),2011,1,20.390384,78.09111,ok,"Lohara, Yavatmal district, Maharashtra, India"
Yavatmal,deogiri,Deogiri (Ct),2011,1,20.31849,77.795992,ok,"Deogiri, Yavatmal district, Maharashtra, India"
Yavatmal,shrirampur,Shrirampur (Ct),2011,1,20.402368,78.478003,ok,"Shrirampur, Yavatmal district, Maharashtra, India"
