district,district_code,level,tru,entity_name,entity_code,No_HH,TOT_P,TOT_M,TOT_F,P_06,P_SC,P_ST,P_LIT,TOT_WORK_P,MAINWORK_P,MARGWORK_P,NON_WORK_P
Dhule,02,TOWN,Urban,Akkalkuwa (Ct),103000,1183,7711,4464,3247,1360,612,955,4846,1932,1821,111,5668
Dhule,02,TOWN,Urban,Dhule (M),300000,47469,278317,145793,132524,46402,20381,10229,183753,69478,68130,1348,207491
Dhule,02,TOWN,Urban,Dondaicha (M),106000,5949,33641,17380,16261,5903,2314,4450,18684,10479,10058,421,22741
Dhule,02,TOWN,Urban,Nandurbar (M),101000,12977,78378,40808,37570,12393,5869,7665,50298,20366,19675,691,57321
Dhule,02,TOWN,Urban,Nawapur (M),100000,4223,23958,12353,11605,4110,1217,6677,13676,6959,6777,182,16817
Dhule,02,TOWN,Urban,Shahade (M),104000,5293,31890,16460,15430,5842,2094,3243,18860,8699,8671,28,23163
Dhule,02,TOWN,Urban,Shirpur (M),105000,7532,44246,22888,21358,7726,3282,2711,25703,13367,12937,430,30449
Dhule,02,TOWN,Urban,Talode (M),102000,3876,21700,11066,10634,3582,1161,5381,11650,7163,6868,295,14242
Jalgaon,03,TOWN,Urban,Amalner (M),113000,13266,76442,39499,36943,11768,5815,3676,49051,20549,20017,532,55361
Jalgaon,03,TOWN,Urban,Bhusawal (M),300100,26214,145143,75416,69727,21748,20538,4912,101656,35724,35005,719,108700
Jalgaon,03,TOWN,Urban,Chalisgaon (M),109000,13321,77420,40401,37019,13129,7507,2231,49767,19988,19378,610,56822
Jalgaon,03,TOWN,Urban,Chopda (M),100000,8270,49234,25476,23758,7925,3549,2183,28472,15560,14791,769,32905
Jalgaon,03,TOWN,Urban,Dharangaon (M),111000,5649,32972,16685,16287,5273,2059,1219,18764,10225,9679,546,22201
Jalgaon,03,TOWN,Urban,Erandol (M),112000,4923,27730,14296,13434,4587,1554,1474,15487,10066,9992,74,17590
Jalgaon,03,TOWN,Urban,Faizpur (M),102000,3958,21322,11144,10178,3514,1217,1564,13374,6562,6362,200,14560
Jalgaon,03,TOWN,Urban,Fekari (Ct),107000,991,4531,2463,2068,669,595,105,2906,1228,1220,8,3295
Jalgaon,03,TOWN,Urban,Jalgaon (M),310000,45663,242193,127022,115171,40029,17245,10477,158946,66859,66355,504,174830
Jalgaon,03,TOWN,Urban,Kandari (Ct),300200,2806,14656,7989,6667,2187,2791,660,10101,4107,4052,55,10494
Jalgaon,03,TOWN,Urban,Nimbhore Bk. (Ct),106000,1862,8714,4587,4127,1606,1692,507,5956,2138,2138,0,6576
Jalgaon,03,TOWN,Urban,Pachora (M),108000,7186,41142,21211,19931,7542,4171,1149,23994,12259,11900,359,28524
Jalgaon,03,TOWN,Urban,Parola (M),110000,5070,29191,15005,14186,5175,1736,708,16511,9621,8620,1001,18569
Jalgaon,03,TOWN,Urban,Raver (M),103000,4066,23920,12365,11555,4271,1699,460,12413,7627,7357,270,16023
Jalgaon,03,TOWN,Urban,Savda (M),104000,3298,17674,9179,8495,2663,1749,693,10927,6103,5911,192,11379
Jalgaon,03,TOWN,Urban,Varangaon (Ct),105000,6437,33644,17688,15956,4862,5362,909,23808,9425,9239,186,24033
Jalgaon,03,TOWN,Urban,Yawal (M),101000,5053,28741,14822,13919,5001,2436,781,16040,9104,8699,405,19232
Buldana,04,TOWN,Urban,Buldana (M),100000,10147,52767,27540,25227,8601,8986,1336,36347,14330,14040,290,38147
Buldana,04,TOWN,Urban,Chikhli (M),106000,6742,37862,19758,18104,7074,4524,305,22615,10823,10171,652,26387
Buldana,04,TOWN,Urban,Deulgaon Raja (M),110000,3325,18893,9848,9045,3424,1923,102,11441,5956,5617,339,12598
Buldana,04,TOWN,Urban,Jalgaon (Jamod) (M),103000,3888,22344,11545,10799,3986,1012,126,12167,7660,6943,717,13967
Buldana,04,TOWN,Urban,Khamgaon (M),105000,12767,73692,38562,35130,12009,5983,971,50494,19945,19391,554,53193
Buldana,04,TOWN,Urban,Lonar (M),108000,2763,16002,8265,7737,3115,743,786,8558,5286,4861,425,10291
Buldana,04,TOWN,Urban,Malkapur (M),101000,8408,51311,26221,25090,9641,3261,476,30375,14299,13897,402,36610
Buldana,04,TOWN,Urban,Mehkar (M),107000,5399,29546,15196,14350,5597,5093,253,16539,9105,8821,284,20157
Buldana,04,TOWN,Urban,Nandura (M),102000,5426,31835,16330,15505,5738,2352,511,20024,9885,9354,531,21419
Buldana,04,TOWN,Urban,Shegaon (M),104000,7660,42492,21695,20797,7654,3081,967,25567,14324,13789,535,27633
Buldana,04,TOWN,Urban,Sindkhed Raja (M),109000,2144,11591,5950,5641,2158,497,133,5372,4604,4491,113,6874
Akola,05,TOWN,Urban,Akola (M),300000,59243,328034,170943,157091,53151,32831,9365,220909,88869,87510,1359,237806
Akola,05,TOWN,Urban,Akot (M),100000,11033,65681,34110,31571,11669,4819,1304,39729,20717,20365,352,44612
Akola,05,TOWN,Urban,Balapur (M),107000,4790,32276,16639,15637,7004,2111,899,17610,9147,8802,345,22784
Akola,05,TOWN,Urban,Karanja (M),102000,7713,48866,25162,23704,8924,4434,1516,29907,14145,13870,275,34446
Akola,05,TOWN,Urban,Mangrulpir (M),103000,4189,23736,12349,11387,4332,2679,919,14759,6823,6591,232,16681
Akola,05,TOWN,Urban,Murtijapur (M),101000,5873,34014,17408,16606,5430,4424,1487,21878,9840,9631,209,23965
Akola,05,TOWN,Urban,Patur (M),106000,2682,17398,9152,8246,3317,866,427,9794,5342,5261,81,11975
Akola,05,TOWN,Urban,Risod (M),105000,3463,21338,10900,10438,3974,2940,417,11267,7330,7179,151,13857
Akola,05,TOWN,Urban,Telhara (M),108000,2653,13848,7163,6685,2277,1312,463,9170,4878,4756,122,8848
Akola,05,TOWN,Urban,Washim (M),104000,8461,49140,25465,23675,8503,5944,843,29761,14319,13993,326,34495
Amravati,07,TOWN,Urban,Achalpur (M),108000,15264,96229,49594,46635,15553,10928,5795,62157,27409,26516,893,67927
Amravati,07,TOWN,Urban,Amravati (M.Corp.),300000,81691,421576,220086,201490,62417,61051,14402,294977,115718,113883,1835,304023
Amravati,07,TOWN,Urban,Anjangaon (M),106000,6960,41674,21583,20091,7326,4292,1118,25124,13747,12852,895,27032
Amravati,07,TOWN,Urban,Chandur (M),104000,2727,14203,7303,6900,1979,1828,674,9368,4884,4675,209,9110
Amravati,07,TOWN,Urban,Chandurbazar (M),109000,2497,14730,7540,7190,2322,2058,279,10159,4389,4023,366,9975
Amravati,07,TOWN,Urban,Chikhaldara (M),107000,659,3081,1708,1373,532,619,929,2227,807,781,26,2248
Amravati,07,TOWN,Urban,Daryapur Banosa (M),105000,5566,30596,15775,14821,4870,5789,1972,20314,10085,9529,556,19955
Amravati,07,TOWN,Urban,Dattapur Dhamangaon (M),103000,3912,20328,10530,9798,2661,2692,1360,14231,6104,5621,483,13741
Amravati,07,TOWN,Urban,Morshi (M),100000,5957,28571,14775,13796,4626,2697,2151,19232,9706,6811,2895,15970
Amravati,07,TOWN,Urban,Shendurjana (M),102000,3494,19278,9968,9310,2812,2156,934,12596,7712,6972,740,10826
Amravati,07,TOWN,Urban,Warud (M),101000,4937,26863,13938,12925,4170,3050,1365,18015,9821,9513,308,16734
Wardha,08,TOWN,Urban,Arvi (M),104000,6819,36928,18919,18009,5458,5235,3009,24740,12151,11642,509,24268
Wardha,08,TOWN,Urban,Deoli (M),103000,2690,13734,6979,6755,1990,1740,815,8961,4848,4425,423,8463
Wardha,08,TOWN,Urban,Hinganghat (M),101000,15906,78715,40633,38082,11161,10255,7364,54998,20558,19571,987,57170
Wardha,08,TOWN,Urban,Pulgaon (M),102000,7679,39679,20761,18918,5887,9555,3094,27061,10769,10463,306,28604
Wardha,08,TOWN,Urban,Sindi (M),100000,2158,11476,5934,5542,1722,1183,1916,7202,4155,4124,31,7290
Wardha,08,TOWN,Urban,Wardha (M),300000,20440,102985,53641,49344,13074,14524,7516,78106,26557,26216,341,76087
Nagpur,09,TOWN,Urban,Chicholi (Ct),1020,3735,17268,9099,8169,3400,5578,1579,10136,5036,4908,128,12104
Nagpur,09,TOWN,Urban,Digdoh (Ct),3002,3921,17376,10016,7360,3336,3284,1369,11086,5902,5877,25,11449
Nagpur,09,TOWN,Urban,Kalameshwar (M),1130,2458,12451,6520,5931,2069,1083,2448,8235,3767,3048,719,7965
Nagpur,09,TOWN,Urban,Kamptee (Cantt.),3102,2282,12234,7230,5004,1674,2326,228,9064,4772,4750,22,7440
Nagpur,09,TOWN,Urban,Kamptee (M),3101,12210,78612,40153,38459,13059,22639,2165,51465,21746,20270,1476,55390
Nagpur,09,TOWN,Urban,Kandri (Ct),1150,1093,4763,2468,2295,775,540,2039,2630,1716,1678,38,3009
Nagpur,09,TOWN,Urban,Kanhan (Pipri) (Ct),3103,4109,18693,9679,9014,3615,6120,1412,11167,4880,4637,243,13570
Nagpur,09,TOWN,Urban,Katol (M),1100,5403,27332,14293,13039,3873,3886,3057,19073,8527,8287,240,18565
Nagpur,09,TOWN,Urban,Khapa (M),1010,2577,14278,7256,7022,2070,1684,4984,9113,4847,4286,561,8870
Nagpur,09,TOWN,Urban,Koradi (Ct),1080,699,2462,1271,1191,463,922,70,1237,1236,1231,5,1221
Nagpur,09,TOWN,Urban,Mahadula (Ct),1070,4118,17145,8888,8257,3316,4220,905,10468,5237,5175,62,11846
Nagpur,09,TOWN,Urban,Mohpa (M),1140,1388,6793,3450,3343,1018,777,227,4326,2313,1683,630,3850
Nagpur,09,TOWN,Urban,Mowad (M),1120,1640,7854,4011,3843,1120,566,1562,5060,3075,2537,538,4241
Nagpur,09,TOWN,Urban,Nagpur (M.Corp.),3001,314091,1624752,846992,777760,240980,315640,180885,1134481,454953,445514,9439,1160360
Nagpur,09,TOWN,Urban,Narkhed (M),1110,3767,19423,10021,9402,3144,3252,1260,12000,6867,6214,653,11903
Nagpur,09,TOWN,Urban,Ramtek (M),1050,4011,20072,10436,9636,3258,2824,1863,13054,6287,5555,732,13053
Nagpur,09,TOWN,Urban,Savner (M),1000,3845,19768,10383,9385,3117,2596,1493,13139,6768,6421,347,12653
Nagpur,09,TOWN,Urban,Sillewada (Ct),1040,1807,9682,5224,4458,1941,2685,665,5218,2578,2497,81,7023
Nagpur,09,TOWN,Urban,Tekadi (Ct),3104,3815,17612,9647,7965,3671,2629,1234,9319,4596,4048,548,12468
Nagpur,09,TOWN,Urban,Totaladoh (Ct),1060,1409,5658,2968,2690,1205,1146,868,3256,1674,1647,27,3957
Nagpur,09,TOWN,Urban,Umred (M),1090,8510,43578,22645,20933,6412,5702,9457,28335,13588,11795,1793,28197
Nagpur,09,TOWN,Urban,Wadi (Ct),3003,5167,21878,11759,10119,4161,6178,1728,14345,6605,6455,150,15123
Nagpur,09,TOWN,Urban,Walani (Ct),1030,2164,11230,6095,5135,2475,2719,601,6023,2890,2831,59,8281
Bhandara,10,TOWN,Urban,Bhandara (M),100000,13931,71813,37034,34779,10656,11598,7425,51783,20124,19338,786,50903
Bhandara,10,TOWN,Urban,Chikhala (Ct),103000,1248,4168,2107,2061,565,794,869,2220,1551,1484,67,2550
Bhandara,10,TOWN,Urban,Gondiya (M),300000,20387,109470,56202,53268,15222,20712,5795,78436,31904,31302,602,76964
Bhandara,10,TOWN,Urban,Pauni (M),106000,4006,20182,10303,9879,2841,3897,2802,12691,6215,5479,736,13231
Bhandara,10,TOWN,Urban,Sitasawangi (Ct),104000,742,3322,1744,1578,555,460,1042,1471,921,582,339,2062
Bhandara,10,TOWN,Urban,Tirora (M),105000,3904,20509,10344,10165,3074,4718,1773,13533,7472,7170,302,12735
Bhandara,10,TOWN,Urban,Tumsar (M),102000,10358,38519,19516,19003,5488,6518,1405,27099,12430,11757,673,25416
Bhandara,10,TOWN,Urban,Warthi (Ct),101000,1727,7911,4112,3799,1383,2614,236,5087,2837,2775,62,5012
Chandrapur,13,TOWN,Urban,Ballarpur (M),200100,16503,83511,43735,39776,13357,22535,6560,51854,21326,20515,811,61374
Chandrapur,13,TOWN,Urban,Bhadravati (Ct),102000,5922,27408,14217,13191,4115,4434,4504,18208,7660,7335,325,19423
Chandrapur,13,TOWN,Urban,Brahmapuri (M),108000,6224,26631,14222,12409,3819,5841,2438,18488,8361,7437,924,17346
Chandrapur,13,TOWN,Urban,Chandrapur (M),300000,50388,226105,119407,106698,37313,42249,22151,145154,64188,62988,1200,160717
Chandrapur,13,TOWN,Urban,Ghugus (Ct),100000,12121,54567,28961,25606,8988,13149,5262,31974,16742,16122,620,37205
Chandrapur,13,TOWN,Urban,Mul (M),105000,3971,18008,9109,8899,2493,2730,1796,10603,6780,6396,384,10844
Chandrapur,13,TOWN,Urban,Nakoda (Ct),101000,6017,26921,13804,13117,4420,6469,1844,15254,9152,8729,423,17346
Chandrapur,13,TOWN,Urban,Rajura (M),106000,4188,18969,10146,8823,3231,2530,1690,12202,5437,5346,91,13441
Chandrapur,13,TOWN,Urban,Sasti (Ct),107000,1300,6398,3368,3030,1025,2911,338,3315,1914,1782,132,4352
Chandrapur,13,TOWN,Urban,Shivajinagar (Ct),103000,5405,24224,12938,11286,4660,4676,3626,12943,6595,5690,905,16724
Chandrapur,13,TOWN,Urban,Visapur (Ct),200200,1955,8925,4560,4365,1647,2135,1670,4555,3559,3304,255,5111
Chandrapur,13,TOWN,Urban,Warora (M),104000,9653,43721,22976,20745,5822,6600,4328,31702,12388,11810,578,30755
Yavatmal,14,TOWN,Urban,Darwha (M),107000,4268,23902,12359,11543,4128,2181,1178,15246,7022,6853,169,16711
Yavatmal,14,TOWN,Urban,Digras (M),106000,5772,33052,17098,15954,5382,2675,2639,20260,9436,9132,304,23312
Yavatmal,14,TOWN,Urban,Ghatanji (M),103000,3062,15785,8323,7462,2356,2030,1814,9967,5333,5168,165,10287
Yavatmal,14,TOWN,Urban,Pandharkaoda (M),102000,4427,22813,11711,11102,3461,1825,3017,14679,7307,6887,420,15086
Yavatmal,14,TOWN,Urban,Pusad (M),105000,9937,55931,29225,26706,9548,6320,3650,35382,15179,14838,341,40411
Yavatmal,14,TOWN,Urban,Rajur (Ct),101000,2236,10890,5683,5207,2463,3115,1318,5352,3136,3069,67,7687
Yavatmal,14,TOWN,Urban,Umarkhed (M),104000,5087,30750,15917,14833,5810,3698,1317,17390,8802,8312,490,21458
Yavatmal,14,TOWN,Urban,Umarsara (Ct),300200,2901,13238,6990,6248,1670,2461,1497,9861,3540,3453,87,9611
Yavatmal,14,TOWN,Urban,Wani (M),100000,8283,41992,21764,20228,6295,4923,3148,27692,10910,9888,1022,30060
Yavatmal,14,TOWN,Urban,Yavatmal (M),300100,20920,108578,56335,52243,15162,15124,8297,78070,31322,30411,911,76345
Nanded,15,TOWN,Urban,Biloli (M),106000,1726,10392,5367,5025,2163,1919,2761,4837,3250,3061,189,6953
Nanded,15,TOWN,Urban,Deglur (M),107000,6269,37212,19327,17885,6808,5146,4218,19632,10930,10415,515,25767
Nanded,15,TOWN,Urban,Dharmabad (M),104000,4248,24041,12465,11576,4201,2675,3251,10892,8222,7737,485,15334
Nanded,15,TOWN,Urban,Hadgaon (M),101000,2847,16473,8622,7851,3241,1783,478,7999,5478,5265,213,10782
Nanded,15,TOWN,Urban,Kandhar (M),109000,2563,16639,8964,7675,3358,3437,92,8842,4050,3914,136,12453
Nanded,15,TOWN,Urban,Kinwat (M),102000,3913,21917,11433,10484,4245,3721,1542,11648,6232,6181,51,15634
Nanded,15,TOWN,Urban,Kundalwadi (M),105000,2366,13148,6625,6523,2355,1235,3346,4651,5761,5532,229,7158
Nanded,15,TOWN,Urban,Loha (M),110000,2478,15065,7729,7336,3245,2429,72,7054,4832,4456,376,9857
Nanded,15,TOWN,Urban,Mudkhed (M),100000,2184,13956,7177,6779,3175,2445,1302,5305,4670,4430,240,9046
Nanded,15,TOWN,Urban,Mukhed (M),108000,3365,19646,10345,9301,3853,3235,1927,10407,5347,4745,602,13697
Nanded,15,TOWN,Urban,Nanded (M),300100,43091,275083,143811,131272,51724,36535,4579,162678,66424,64911,1513,207146
Nanded,15,TOWN,Urban,Pethumri (M),103000,1520,8335,4513,3822,1536,1917,487,4332,2475,2362,113,5747
Nanded,15,TOWN,Urban,Waghala (M),300200,6696,34233,18187,16046,6764,5595,1947,20254,8735,6627,2108,23390
Parbhani,17,TOWN,Urban,Basmath,104000,7123,42338,22183,20155,8766,2835,677,21111,11090,10528,562,30686
Parbhani,17,TOWN,Urban,Gangakhed (M),105000,4740,27651,14339,13312,5730,3396,164,14217,7583,7281,302,19766
Parbhani,17,TOWN,Urban,Hingoli (M),102000,8914,54457,28174,26283,10124,5031,1788,30360,15471,15097,374,38612
Parbhani,17,TOWN,Urban,Hingoli (M),107000,5523,32388,16699,15689,6276,2304,468,16666,9935,9876,59,22394
Parbhani,17,TOWN,Urban,Jintur (M),101000,4497,28275,14685,13590,6212,1119,242,13826,7805,7717,88,20382
Parbhani,17,TOWN,Urban,Kalamnuri (M),103000,2584,15764,8282,7482,3027,452,432,8447,4385,4166,219,11160
Parbhani,17,TOWN,Urban,Kalamnuri (M),108000,4354,25468,13024,12444,4975,2060,250,12331,7671,7320,351,17446
Parbhani,17,TOWN,Urban,Kalamnuri (M),109000,3268,20466,10542,9924,4490,1417,483,9686,6098,5886,212,14156
Parbhani,17,TOWN,Urban,Parbhani (M),300000,33341,190255,99344,90911,37915,22491,2749,104055,49459,48714,745,140051
Parbhani,17,TOWN,Urban,Purna (M),100000,4738,28836,15032,13804,5419,5771,609,15396,7298,7221,77,21461
Parbhani,17,TOWN,Urban,Sonpeth (M),106000,1813,10701,5514,5187,2257,1310,44,4828,3654,3420,234,6813
Jalna,18,TOWN,Urban,Ambad (M),102000,3486,18007,9313,8694,3741,1599,210,9075,4958,4802,156,12893
Jalna,18,TOWN,Urban,Bhokardan (M),100000,2505,13918,7280,6638,3219,1533,72,6792,4136,3877,259,9523
Jalna,18,TOWN,Urban,Jalna (M),300000,32780,174985,90600,84385,34794,19295,2395,95490,49787,48740,1047,124151
Jalna,18,TOWN,Urban,Partur (M),101000,4280,23818,12315,11503,5096,2413,491,11420,6718,6264,454,16646
Aurangabad,19,TOWN,Urban,Aurangabad (Cantt.),300200,3106,19437,10916,8521,2918,1923,1328,14026,6569,6373,196,12672
Aurangabad,19,TOWN,Urban,Aurangabad (M.Corp.),300100,116486,573272,305372,267900,112222,109105,6373,352711,159229,156426,2803,411240
Aurangabad,19,TOWN,Urban,Gangapur (M),103000,3190,17153,8915,8238,3213,1847,169,9251,5412,5117,295,11446
Aurangabad,19,TOWN,Urban,Kannad (M),101000,3496,19879,10290,9589,3884,1392,367,11416,5674,5633,41,14164
Aurangabad,19,TOWN,Urban,Khuldabad (M),100000,1637,9192,4715,4477,1734,737,229,5115,2499,2463,36,6657
Aurangabad,19,TOWN,Urban,Paithan (M),102000,5766,27718,14091,13627,5139,3386,293,15991,8267,8025,242,19209
Aurangabad,19,TOWN,Urban,Sillod (M),105000,4817,28888,15262,13626,6699,2961,896,14506,8031,7399,632,20225
Aurangabad,19,TOWN,Urban,Vaijapur (M),104000,5533,29604,15316,14288,5134,4095,446,17866,8828,8515,313,20463
Nashik,20,TOWN,Urban,Bhagur (M),300300,2244,12078,6201,5877,1884,1846,497,8320,3352,3208,144,8582
Nashik,20,TOWN,Urban,Chandvad (Ct),103000,2602,14958,8094,6864,2644,1845,1564,9188,4766,4712,54,10138
Nashik,20,TOWN,Urban,Deolali (Cantt.),300200,9693,44331,23960,20371,6696,9455,1487,30857,14232,14103,129,29970
Nashik,20,TOWN,Urban,Eklahare (Ct),300400,2488,12007,6252,5755,2288,2663,625,8024,3311,3190,121,8575
Nashik,20,TOWN,Urban,Ghoti Bk. (Ct),111000,2796,15717,8112,7605,2964,1233,998,9483,5151,4819,332,10234
Nashik,20,TOWN,Urban,Igatpuri (M),110000,4211,22868,12081,10787,3601,4439,977,16220,5997,5842,155,16716
Nashik,20,TOWN,Urban,Lasalgaon (Ct),108000,1713,9806,5245,4561,1496,686,248,7066,2924,2898,26,6856
Nashik,20,TOWN,Urban,Malegaon (M),310000,48782,342595,174667,167928,74441,9843,5209,188403,88431,87423,1008,253156
Nashik,20,TOWN,Urban,Manmad (M),104000,10987,61312,31468,29844,9996,14410,2322,39935,15399,14941,458,45455
Nashik,20,TOWN,Urban,Nandgaon (M),105000,3680,20434,10585,9849,3659,3553,883,12864,5546,5301,245,14643
Nashik,20,TOWN,Urban,Nashik (M.Corp.),300100,146688,656925,347422,309503,109700,81229,46390,446348,201287,197890,3397,452241
Nashik,20,TOWN,Urban,Ozar (Ct),107000,10036,47538,24819,22719,6123,7185,3693,35517,14382,14297,85,33071
Nashik,20,TOWN,Urban,Ravalgaon (Ct),102000,2487,12553,6494,6059,2104,2287,1776,6840,4386,3873,513,7654
Nashik,20,TOWN,Urban,Satana (M),101000,5282,27666,14379,13287,4325,1791,2113,19167,8352,8275,77,19237
Nashik,20,TOWN,Urban,Sinnar (M),109000,5520,25864,13407,12457,4201,1968,1457,16570,9123,8658,465,16276
Nashik,20,TOWN,Urban,Trimbak (M),100000,1518,7883,4166,3717,1281,442,2418,4981,2724,2369,355,4804
Nashik,20,TOWN,Urban,Yevla (M),106000,5691,34550,17713,16837,5552,2947,1319,22956,10841,9884,957,22752
Thane,21,TOWN,Urban,Bhiwandi (M),300100,70080,379070,229894,149176,66289,11243,4317,196170,154411,153034,1377,223282
Thane,21,TOWN,Urban,Dahanu (M),106000,6559,33599,17455,16144,4846,1454,7771,19835,12401,12155,246,20952
Thane,21,TOWN,Urban,Gokhivare (Ct),102000,1464,6696,3608,3088,1182,253,1440,3511,2554,2529,25,4117
Thane,21,TOWN,Urban,Jawhar (M),107000,1916,9325,4895,4430,1425,663,2791,6122,2737,2580,157,6431
Thane,21,TOWN,Urban,Kalyan (M.Corp.),510200,229700,1014557,540817,473740,159955,73482,27091,709748,335530,328718,6812,672215
Thane,21,TOWN,Urban,Khoni (Ct),300200,2132,13144,8360,4784,2355,322,495,6329,5802,5724,78,7264
Thane,21,TOWN,Urban,Kon (Ct),109000,1918,9197,4873,4324,1746,393,273,5795,3035,2668,367,5795
Thane,21,TOWN,Urban,Manikpur (Ct),200200,2234,10032,5273,4759,1276,753,162,7723,3626,3602,24,6382
Thane,21,TOWN,Urban,Mira-Bhayandar (M),510400,38361,175605,94550,81055,29640,3767,5407,120899,59690,57659,2031,113884
Thane,21,TOWN,Urban,Murbad (Ct),111000,2703,11950,6571,5379,2053,977,946,7674,4258,4128,130,7562
Thane,21,TOWN,Urban,Nalasopara (M),101000,15102,67732,36112,31620,10629,2049,2513,48991,23319,23022,297,44116
Thane,21,TOWN,Urban,Navghar (Ct),200400,5702,25080,13202,11878,3737,486,219,19614,8553,8460,93,16434
Thane,21,TOWN,Urban,New Bombay (Thane) (Ct),510500,71573,307724,168993,138731,55605,28088,7483,196091,105880,103912,1968,199876
Thane,21,TOWN,Urban,Palghar (Ct),103000,2832,14700,7766,6934,2074,547,1100,10018,4798,4765,33,9869
Thane,21,TOWN,Urban,Pasthal (Ct),105000,2791,11021,6030,4991,1531,880,515,8304,3931,3833,98,6992
Thane,21,TOWN,Urban,Sandor (Ct),200300,1896,8841,4485,4356,1046,107,1235,6293,3602,3456,146,5093
Thane,21,TOWN,Urban,Shahapur (Ct),110000,1851,9207,4746,4461,1302,347,867,6613,2833,2500,333,6041
Thane,21,TOWN,Urban,Shirgaon (Ct),104000,845,4462,2258,2204,689,209,809,2988,1674,1669,5,2783
Thane,21,TOWN,Urban,Thane (M.Corp.),510100,185966,803389,432929,370460,125446,48888,27099,570021,259421,252406,7015,536953
Thane,21,TOWN,Urban,Ulhasnagar (M),510300,73986,369077,193788,175289,57793,45812,3274,244354,111982,110933,1049,256046
Thane,21,TOWN,Urban,Vada (Ct),108000,2365,11418,5899,5519,1536,673,2794,7594,3528,3150,378,7512
Thane,21,TOWN,Urban,Vasai (M),200100,7563,39781,20253,19528,4881,599,2451,28061,13204,12791,413,26164
Thane,21,TOWN,Urban,Virar (M),100000,13520,57600,30498,27102,8450,1053,2111,41048,20488,20255,233,36879
Raigarh,24,TOWN,Urban,Alibag (M),100000,3409,16289,8417,7872,2079,1029,2435,11862,5399,5297,102,10788
Raigarh,24,TOWN,Urban,Goregaon (Ct),113000,1324,6588,3339,3249,983,551,28,4673,1792,1687,105,4691
Raigarh,24,TOWN,Urban,Karjat (Ct),108000,1511,7670,4022,3648,904,196,74,5952,2474,2441,33,5163
Raigarh,24,TOWN,Urban,Kegaon (Ct),103000,1525,6403,3359,3044,1168,553,136,4566,2005,1837,168,4230
Raigarh,24,TOWN,Urban,Khopoli (M),109000,9279,45039,24090,20949,7214,2234,2553,28729,13475,13266,209,31355
Raigarh,24,TOWN,Urban,Mahad (M),114000,3769,18662,9767,8895,2505,1270,276,13809,5852,5684,168,12642
Raigarh,24,TOWN,Urban,Matheran (M),106000,919,4708,2698,2010,577,507,373,2802,2101,2070,31,2576
Raigarh,24,TOWN,Urban,Mhasla (Ct),115000,1476,7318,3559,3759,1177,134,276,4840,2161,2086,75,5082
Raigarh,24,TOWN,Urban,Murud (M),117000,2379,12111,5857,6254,1461,267,1484,9024,2971,2518,453,8687
Raigarh,24,TOWN,Urban,Neral (Ct),107000,2344,11578,5887,5691,1704,386,1691,7256,3790,3697,93,7695
Raigarh,24,TOWN,Urban,"New Bombay(Panvel,Raigarh)Ct",118000,9878,42732,23754,18978,8405,1462,1764,24204,15229,14698,531,26972
Raigarh,24,TOWN,Urban,Pali (Ct),111000,1310,6178,3241,2937,854,228,111,3690,1934,1914,20,4224
Raigarh,24,TOWN,Urban,Panvel (M),104000,12541,58986,30921,28065,8724,3021,1375,42145,19234,19052,182,39570
Raigarh,24,TOWN,Urban,Pen (M),110000,4624,21588,11204,10384,3084,1219,1205,15467,7041,6972,69,14478
Raigarh,24,TOWN,Urban,Revdanda (Ct),101000,1578,7952,4040,3912,882,102,2836,5408,2740,2376,364,4848
Raigarh,24,TOWN,Urban,Roha Ashtami (M),112000,3135,14827,7851,6976,2198,354,83,10978,4716,4687,29,10082
Raigarh,24,TOWN,Urban,Shrivardhan (M),116000,2896,14774,7244,7530,2063,459,2164,9565,4627,4307,320,9827
Raigarh,24,TOWN,Urban,Taloje Panchnad (Ct),105000,1178,7462,3907,3555,1368,163,457,4012,2126,2103,23,5313
Raigarh,24,TOWN,Urban,Uran (M),102000,3610,17775,9362,8413,2179,1183,1870,12529,5818,5733,85,11872
Pune,25,TOWN,Urban,Alandi (M),100000,2539,10249,5601,4648,1432,1082,89,7012,3267,2930,337,6645
Pune,25,TOWN,Urban,Baramati (M),107000,8211,44515,23148,21367,6633,9704,101,29468,13120,13024,96,31299
Pune,25,TOWN,Urban,Bhigwan (Ct),106000,1176,6683,3427,3256,1203,1166,89,3908,1971,1508,463,4249
Pune,25,TOWN,Urban,Bhor (M),111000,2912,15065,7722,7343,2043,927,214,10585,4094,3751,343,10628
Pune,25,TOWN,Urban,Bopkhel (Ct),301400,1478,7094,3800,3294,1309,1016,1267,4570,1980,1973,7,5107
Pune,25,TOWN,Urban,Daund (M),103000,6294,33353,17246,16107,5542,7785,576,22151,8875,8705,170,24308
Pune,25,TOWN,Urban,Dehu (Ct),300900,903,4639,2383,2256,704,959,87,3307,1354,1124,230,3055
Pune,25,TOWN,Urban,Dehu Road (Cantt.),300400,8135,40555,21627,18928,6712,6728,918,26127,11958,11603,355,28242
Pune,25,TOWN,Urban,Dhankawadi (Ct),301600,6014,27727,14590,13137,4583,1237,138,20893,8384,8338,46,19297
Pune,25,TOWN,Urban,Hadapsar (Ct),300600,8480,39530,20781,18749,6711,2433,211,28275,11417,10979,438,27675
Pune,25,TOWN,Urban,Indapur (M),104000,2295,12014,6222,5792,1940,2202,86,7552,3388,3171,217,8409
Pune,25,TOWN,Urban,Jejuri (M),109000,1486,7758,4052,3706,1212,900,151,5100,2683,2597,86,4989
Pune,25,TOWN,Urban,Junnar (M),101000,3642,21416,11252,10164,3211,1285,1415,14916,5521,5444,77,15818
Pune,25,TOWN,Urban,Kalamb (Ct),105000,4163,20833,10700,10133,2621,4695,192,14185,5774,5515,259,14800
Pune,25,TOWN,Urban,Kalas (Ct),301100,2500,11344,5966,5378,1614,1670,317,8588,3263,3165,98,7983
Pune,25,TOWN,Urban,Khadakvasla (Ct),300800,5634,18070,10334,7736,2627,2745,255,13035,5414,5250,164,12492
Pune,25,TOWN,Urban,Khadkale (Ct),114000,1179,6001,3136,2865,1076,341,149,3773,1870,1836,34,4097
Pune,25,TOWN,Urban,Kharadi (Ct),301500,2520,11679,6132,5547,2283,903,70,7759,3429,3328,101,8149
Pune,25,TOWN,Urban,Kirkee (Cantt.),300300,14036,78323,43758,34565,10907,12136,1327,56427,26952,26586,366,51005
Pune,25,TOWN,Urban,Kivale (Ct),301300,2071,10359,5431,4928,1826,2383,334,6377,3042,2975,67,7250
Pune,25,TOWN,Urban,Lohagaon (Ct),300700,2166,10329,5449,4880,1904,1147,228,6285,3338,3055,283,6708
Pune,25,TOWN,Urban,Lonavala (M),112000,9256,47987,25942,22045,7511,3502,1884,31940,15172,14975,197,32618
Pune,25,TOWN,Urban,Pimpri Chinchwad (M.Corp.),300500,113415,517083,278087,238996,89331,82996,8392,338279,166833,163205,3628,346622
Pune,25,TOWN,Urban,Pune (Cantt.),300200,15055,82139,43510,38629,9430,9803,314,64375,27090,26863,227,54822
Pune,25,TOWN,Urban,Pune (M.Corp.),300100,316347,1566651,812523,754128,221353,231983,16751,1086147,482972,470013,12959,1070720
Pune,25,TOWN,Urban,Sasvad (M),108000,3764,19536,10071,9465,2903,1548,171,13972,6759,6623,136,12641
Pune,25,TOWN,Urban,Shirur (M),102000,3750,18410,9425,8985,3128,2414,386,11890,5178,4987,191,13041
Pune,25,TOWN,Urban,Shivane (Ct),301700,1798,8756,4617,4139,1417,1232,224,5564,2733,2643,90,5933
Pune,25,TOWN,Urban,Shivatkar (Nira) (Ct),110000,1765,9172,4716,4456,1456,1233,245,5790,3020,2975,45,6107
Pune,25,TOWN,Urban,Talegaon Dabhade (M),113000,6507,31120,16136,14984,4605,2686,938,21863,9766,9571,195,21159
Pune,25,TOWN,Urban,Vadgaon (Ct),115000,1853,8930,4689,4241,1498,685,284,5992,2690,2584,106,6134
Pune,25,TOWN,Urban,Vadgaon Bk (Ct),301800,2250,9588,5062,4526,1672,730,107,6208,3424,3376,48,6116
Pune,25,TOWN,Urban,Vadgaon Sheri (Ct),301000,7061,32445,17115,15330,5395,2538,304,23526,9567,9143,424,22454
Pune,25,TOWN,Urban,Warje (Ct),301200,4081,17676,9349,8327,3367,2218,445,11398,5654,5616,38,11984
Ahmadnagar,26,TOWN,Urban,Ahmadnagar (Cantt.),300200,7113,40749,23952,16797,6170,6480,859,29983,15802,15566,236,24711
Ahmadnagar,26,TOWN,Urban,Ahmadnagar (M),300100,34771,181339,94098,87241,27848,20671,1238,127291,55332,54527,805,125202
Ahmadnagar,26,TOWN,Urban,Deolali-Pravara (M),101000,4843,25320,13249,12071,4061,3216,932,14700,9068,8257,811,15441
Ahmadnagar,26,TOWN,Urban,Kopargaon (M),105000,9525,47629,24499,23130,8145,6557,1163,29041,13812,13768,44,33773
Ahmadnagar,26,TOWN,Urban,Pathardi (M),102000,3778,19532,10284,9248,3260,2228,161,11860,6185,5978,207,13140
Ahmadnagar,26,TOWN,Urban,Rahta Pimplas (M),107000,3468,17953,9115,8838,3029,2806,672,10717,6983,6628,355,10615
Ahmadnagar,26,TOWN,Urban,Rahuri (M),100000,5291,28408,14639,13769,4923,3799,1580,16969,9329,9097,232,18847
Ahmadnagar,26,TOWN,Urban,Sangamner (M),104000,8505,49061,25304,23757,7890,3072,645,33149,14893,14761,132,34036
Ahmadnagar,26,TOWN,Urban,Shirdi (M),106000,3242,15129,7881,7248,3029,2459,691,7961,5512,5339,173,9444
Ahmadnagar,26,TOWN,Urban,Shrigonda (M),103000,4214,21646,11189,10457,3839,2641,282,12712,7955,7869,86,13605
Ahmadnagar,26,TOWN,Urban,Shrirampur (M),200100,13627,71368,36465,34903,11858,12137,1159,43981,20248,20034,214,50906
Ahmadnagar,26,TOWN,Urban,Shrirampur (R) (Ct),200200,1477,7684,3950,3734,1346,3515,78,4100,1828,1690,138,5718
Ahmadnagar,26,TOWN,Urban,Wari (Ct),108000,1677,7663,3978,3685,1208,1837,216,4587,2520,2373,147,4996
Bid,27,TOWN,Urban,Ambejogai (M),103000,11369,57159,30300,26859,10436,9702,445,34176,14932,14316,616,41611
Bid,27,TOWN,Urban,Ashti (Ct),105000,2163,9989,5156,4833,1906,1272,61,5865,3126,2919,207,6656
Bid,27,TOWN,Urban,Bid (M),300000,22165,112434,59537,52897,21838,12858,662,68185,28566,27440,1126,82742
Bid,27,TOWN,Urban,Dharur (M),104000,3167,16386,8453,7933,3515,2155,144,8203,5504,5441,63,10819
Bid,27,TOWN,Urban,Georai (M),100000,4786,23665,12263,11402,4958,2457,135,12376,7207,6891,316,16142
Bid,27,TOWN,Urban,Manjlegaon (M),101000,6795,34665,17812,16853,7430,3920,137,17911,9764,9140,624,24277
Bid,27,TOWN,Urban,Parli (M),102000,14258,72670,38040,34630,15129,8680,919,38838,19576,19270,306,52788
Latur,28,TOWN,Urban,Ahmadpur (M),100000,4331,25878,13481,12397,5628,3546,274,13386,6775,6342,433,18670
Latur,28,TOWN,Urban,Ausa (M),103000,3788,23246,12157,11089,4663,2768,151,12453,6730,4711,2019,14497
Latur,28,TOWN,Urban,Latur (M),300000,34940,197408,104230,93178,38644,32668,2501,114087,50561,49758,803,146044
Latur,28,TOWN,Urban,Nilanga (M),102000,3896,24883,13068,11815,5235,4895,309,12759,7037,6883,154,17692
Latur,28,TOWN,Urban,Udgir (M),101000,10787,70453,37201,33252,13640,13008,1010,41545,15889,15527,362,54202
Osmanabad,29,TOWN,Urban,Bhum (M),107000,2798,14845,7780,7065,2944,1966,294,8381,4567,3905,662,9616
Osmanabad,29,TOWN,Urban,Kalamb (M),101000,3760,19862,10331,9531,3767,3240,524,11985,5530,5091,439,13893
Osmanabad,29,TOWN,Urban,Murum (M),102000,2773,15865,8056,7809,2856,3066,85,7841,5566,5300,266,10033
Osmanabad,29,TOWN,Urban,Naldurg (M),105000,2100,12880,6743,6137,2714,1720,66,6491,3571,3494,77,9232
Osmanabad,29,TOWN,Urban,Osmanabad (M),100000,12103,68019,36381,31638,12040,10272,1209,43157,17349,17098,251,50419
Osmanabad,29,TOWN,Urban,Paranda (M),106000,2481,14267,7390,6877,2783,1817,128,7228,4445,4393,52,9770
Osmanabad,29,TOWN,Urban,Tuljapur (M),104000,4056,23012,11873,11139,3950,3180,206,13775,6382,6074,308,16322
Osmanabad,29,TOWN,Urban,Umarga (M),103000,4537,25130,13278,11852,4715,3754,343,13495,7221,7163,58,17851
Solapur,30,TOWN,Urban,Akkalkot (M),101000,6290,35237,17995,17242,5990,3793,702,18641,9650,9062,588,24999
Solapur,30,TOWN,Urban,Barshi (M),100000,16606,88810,45880,42930,13280,12985,834,55067,24708,24238,470,63632
Solapur,30,TOWN,Urban,Dudhani (M),103000,1815,10576,5385,5191,1989,976,71,4610,3327,2923,404,6845
Solapur,30,TOWN,Urban,Ii)Solapur Rural (Og),300102,945,5148,2664,2484,879,334,106,2434,2120,2114,6,3022
Solapur,30,TOWN,Urban,Iii)Majrewadi (Og),300103,1836,9717,5004,4713,1282,505,53,6633,2995,2989,6,6716
Solapur,30,TOWN,Urban,Iv)Nehru Nagar (Og),300104,357,1766,915,851,258,232,0,1374,456,454,2,1308
Solapur,30,TOWN,Urban,Karmala (M),107000,3642,19522,10136,9386,3157,3188,251,12498,5290,5224,66,14166
Solapur,30,TOWN,Urban,Kurduvadi (M),108000,3959,21593,11131,10462,3395,5200,219,14291,5383,5354,29,16181
Solapur,30,TOWN,Urban,Maindargi (M),102000,2219,12483,6204,6279,2337,1103,657,5149,4006,2582,1424,7053
Solapur,30,TOWN,Urban,Mangalvedhe (M),104000,3639,19658,10244,9414,3011,2258,143,10865,6145,5065,1080,12433
Solapur,30,TOWN,Urban,Pandharpur (M),105000,14072,79902,41074,38828,12373,9026,3898,50122,20594,20178,416,58892
Solapur,30,TOWN,Urban,Sangole (M),106000,3757,20856,10793,10063,3719,2901,60,11376,6728,5961,767,13361
Solapur,30,TOWN,Urban,Solapur (Mc),300101,105318,604215,310516,293699,99700,89718,10460,343737,187631,186654,977,415607
Satara,31,TOWN,Urban,Karad (M),107000,10592,56819,29322,27497,7605,5748,276,39121,16528,16219,309,39982
Satara,31,TOWN,Urban,Koregaon (Ct),103000,3914,19733,10157,9576,3015,1828,175,13080,5852,4842,1010,12871
Satara,31,TOWN,Urban,Mahabaleshwar (M),109000,1681,10564,5887,4677,1490,963,274,7385,3584,3582,2,6978
Satara,31,TOWN,Urban,Mhaswad (M),106000,3351,18033,9116,8917,3052,2386,32,8792,6083,5855,228,11722
Satara,31,TOWN,Urban,Panchgani (M),110000,1569,10569,5910,4659,1295,755,11,7740,2605,2598,7,7957
Satara,31,TOWN,Urban,Patan (Ct),108000,2018,10179,5253,4926,1411,1019,115,7064,2874,2670,204,7101
Satara,31,TOWN,Urban,Phaltan (M),105000,8328,44367,22891,21476,6331,7519,398,29295,11828,11739,89,32450
Satara,31,TOWN,Urban,Rahimatpur (M),102000,2821,14585,7318,7267,2114,1152,100,9052,5580,5046,534,8471
Satara,31,TOWN,Urban,Satara (M),100000,18571,95180,49776,45404,12589,10502,668,72199,25768,25487,281,69131
Satara,31,TOWN,Urban,Satara Road (Ct),104000,1874,9522,4969,4553,1260,1470,8,6473,2664,2278,386,6472
Satara,31,TOWN,Urban,Wai (M),101000,5255,26289,13355,12934,3407,2327,295,18925,7903,7653,250,18136
Ratnagiri,32,TOWN,Urban,Alore (Ct),106000,792,3992,2025,1967,527,190,1,2908,1106,1044,62,2824
Ratnagiri,32,TOWN,Urban,Chiplun (M),105000,6722,34294,17158,17136,4798,743,28,25046,10128,10022,106,24060
Ratnagiri,32,TOWN,Urban,Dabhol (Ct),103000,1255,6980,3346,3634,961,36,3,4547,1880,1754,126,4974
Ratnagiri,32,TOWN,Urban,Dapoli Camp (Ct),102000,2059,9697,5027,4670,1156,449,62,7599,2700,2634,66,6931
Ratnagiri,32,TOWN,Urban,Harnai (Ct),101000,1083,5454,2710,2744,758,67,248,3500,1661,1496,165,3628
Ratnagiri,32,TOWN,Urban,Khed (M),104000,2237,11288,5698,5590,1589,578,91,8425,3246,3172,74,7968
Ratnagiri,32,TOWN,Urban,Rajapur (M),107000,1973,9822,4772,5050,1357,117,17,6972,2638,2521,117,7067
Ratnagiri,32,TOWN,Urban,Ratnagiri (M),100000,11046,56529,28952,27577,7346,1087,429,41321,16591,16019,572,39366
Sindhudurg,33,TOWN,Urban,Kudal (Ct),100000,2731,11602,5935,5667,1743,875,98,8446,3768,3605,163,7671
Sindhudurg,33,TOWN,Urban,Malwan (M),101000,4067,17986,8861,9125,1781,638,92,14065,5176,4472,704,12106
Sindhudurg,33,TOWN,Urban,Sawantwadi (M),102000,4582,21305,10793,10512,2402,917,32,16901,6170,5811,359,14776
Sindhudurg,33,TOWN,Urban,Vengurla (M),103000,2786,12257,6022,6235,1381,672,15,9615,3187,2605,582,8488
Kolhapur,34,TOWN,Urban,Gadhinglaj (M),106000,4440,22386,11602,10784,2969,2381,43,15345,7418,6888,530,14438
Kolhapur,34,TOWN,Urban,Gandhinagar (Ct),300200,1905,12168,6305,5863,1933,944,16,8854,3721,3121,600,7847
Kolhapur,34,TOWN,Urban,Ichalkarnji (M),310100,40093,214950,113667,101283,35430,18390,861,133862,67584,66907,677,146689
Kolhapur,34,TOWN,Urban,Jaysingpur (M),102000,6497,33766,17235,16531,5164,2642,248,21206,10262,10116,146,23358
Kolhapur,34,TOWN,Urban,Kabnur (Ct),310200,4475,21029,11102,9927,3826,3874,21,12051,7409,6560,849,12771
Kolhapur,34,TOWN,Urban,Kagal (M),104000,3804,19525,9968,9557,2840,2895,4,12310,6689,5263,1426,11410
Kolhapur,34,TOWN,Urban,Kolhapur (M.Corp.),300100,77690,406370,212141,194229,54088,48492,674,291360,121947,113188,8759,275664
Kolhapur,34,TOWN,Urban,Kurundvad (M),103000,3808,20917,10665,10252,3137,1989,81,13581,6827,5742,1085,13005
Kolhapur,34,TOWN,Urban,Malkapur (M),107000,1006,5238,2703,2535,789,945,9,3730,1472,1395,77,3689
Kolhapur,34,TOWN,Urban,Murgad (M),105000,1692,8598,4421,4177,1180,978,0,6668,2859,2066,793,4946
Kolhapur,34,TOWN,Urban,Panhala (M),100000,579,2968,1551,1417,407,367,0,2291,755,693,62,2151
Kolhapur,34,TOWN,Urban,Vadgaon Kasba (M),101000,3423,19087,9784,9303,3109,2608,0,11814,6031,5536,495,12561
Sangli,35,TOWN,Urban,Ashta (M),103000,5676,27405,14027,13378,4183,4322,249,15355,11358,10466,892,15155
Sangli,35,TOWN,Urban,Ii)Kupwadi (Og),300102,7036,33313,17695,15618,5632,4893,67,19735,11140,10634,506,21667
Sangli,35,TOWN,Urban,Ii)Vanleswadi (Og),300202,855,3814,1941,1873,716,1032,0,2047,1182,1171,11,2621
Sangli,35,TOWN,Urban,Madhavnagar (C.T.),300300,2396,11834,6230,5604,1824,1809,6,7709,3574,3290,284,7976
Sangli,35,TOWN,Urban,Manadur (Ct),104000,2217,7422,3819,3603,1521,1301,28,3879,2201,2001,200,5021
Sangli,35,TOWN,Urban,Miraj (M),300201,24294,121593,62474,59119,18224,16749,325,77396,34136,32533,1603,85854
Sangli,35,TOWN,Urban,Sangli (M),300101,37726,193197,100128,93069,29144,25769,643,123346,58871,55418,3453,130873
Sangli,35,TOWN,Urban,Tasgaon (M),100000,5786,29392,15204,14188,4206,2361,16,18877,9480,8854,626,19286
Sangli,35,TOWN,Urban,Uran Islampur (M),102000,7688,42459,22095,20364,6151,4793,108,26962,12975,11815,1160,28324
Sangli,35,TOWN,Urban,Vita (M),101000,6483,32018,16461,15557,5149,4000,80,20344,10619,9705,914,20485
